排序,标题,热度,链接
1.,扎根中国大地赓续中华文脉厚植学术根基,,/l?e=af6dq%2Fu%2Fi7p%2FMbEuU70y%2BQBFW%2BVG90ZieIX5ireLYQKRLpK3hLnFgXO0lbudgRjRPB3t6eIV3XqMF0pDq8%2BLcJLsXRdorKakHZNArmv1KIw5u%2F0SElPEN5Nor07hPFl6dOwtr1mTLl3gN%2BQQE0aZESw5xxQh5y6MOV%2FCc0cL%2F0uDJ3wesaSdfzdwmoJrejNrkSouV4gGHs8rOVNzYRxtBoViycNcaXeMyN%2BMSj7jgv5WYWcGqEfqGQxMvBSZaW1p9jj%2BT3m%2FovFSqBKA1onqvpb2qQZLvNRJRK0xcH2cGyyv4%2BS2mqkKWD0qBSJlM8WHwKWfLnQW3ytIi2J0BmsxS8mjS%2Bnxlxct2mZY3MMi7fAeVovHBCZL1djH7%2FTOr2F8uHVC7QtK0CZpkCTt%2Bg4e1fRcWv5omwDq%2B8yFzXNYur01i%2FvU50erHpUP%2BSUnLwhjzYj7%2FzmS4d6NwXLZGD5b%2BZz4VQbAUcWXqwAz1aft0KMM
2.,外交部回应优衣库不用新疆棉,299.0万,/l?e=ce2fYtyrBoHfM80%2BZAWVhbocWoZ7BygJ7B%2FnjYa7EQrWdnJhyAp9BB%2BRbhW5grjSbXtfZgwkpypPXo3DI5kTWzfDz9dM9EsGG2bBIcfUvF6fs%2FqtrVLI2DC%2FMkqiozFjD%2Fnqk5gZowiQPAat%2FTrrehDqyAXX8GYn5j9BjgRyQrTus8frxBLmI2XGvU%2Bw7T5qeLvoCwEflfBOoNxdg7W5Vjplw7Iu9L4Fs2EUF4Eq%2Ba5qWf5JvM3LkLnl6knIGIZuM15qp7JI%2BGLUyfPRBXZnpM0MJE6aKdUCIVrS7ApcTPeL9Zr1JN0oFDhHxPucRPBdXoLC3PSlel3%2BvxroQ8KkukNK%2B48vjLuAO80p1LGEiS4ojYbhzcIvJg0gzdLqjyaQvJk1sYYZ
3.,春晚官博回复檀健次春晚相关,晚会 888700,/l?e=0b8e3j5xKdyomzRKuXh58bDTVqBvkNy0CHeOO2cesDEDBX7zUr22nMuUIGgjWIrQhmzRZO8g2XIj6x%2FzIHoHecKkkvCTXEGq127Cp20FbPU%2Fm7DZ3s5RFaoFskrSq6w5S7Pmsi70F3Hjv29I8K%2BtIJQMkTpnkBq1xxPD1bXsXucyezEupkXi0JA114AfC4FH3nKR9P0Oz7UFyS%2FQtj4%2FV2vUf5pl%2FGR6FM5lq1BfFpS8vcOqhpXUO%2BVoM%2BdJUSUHUOTXsw8hlxqgjc0j0n0PSUqijdN0UrpH4bk8cCNxq%2BVF3Dm25O%2Fbs7FZKefVFOBspIePtpAYoLO%2B4MbKLl8UcaO7nRpqwJk9KQCuQtamAentbJZzabgroi%2F%2BlDYST0gPWvGCs7W3
4.,43位志愿军烈士遗骸今日安葬,81.3万,/l?e=5802Zf3YIZcCNC5ZYbbyXYJwDAaZkdD8sYYBdrCA1JJ0DIQd%2BaI0YYtoE7cVvfIMTUWQWNo65GSLbxfXB1D1me%2FkulfId3DPJa7znYfaw7RwCIn5%2FyuILtKc012eva8EmE2zrjkVyvGQXDFY%2BjCtfGti5ti7W3oQouYaKdo3srKxtqJeg3qdM9PdJCwzdW23E7dhaGBgcW3KCrZpCavwWtEc3Xg6p24lzzSlWG%2F6tWiFHepKk0fCv68n9FhRM6lk%2BNOyzltXYCjhjVoAXGR2sSPmZ8Ah04AMVd6ZSFz5OH%2FaXdyn%2BcdSiDBt258pO4At7wCS3mJv5dODvNyCo%2FntRcyJWbsG68KUups6JJMXpjvMjckUwgYS7q0
5.,韩安冉称do脸模板是赵露思,76.2万,/l?e=ac54GHinkwIuBv9lQ%2FHp9A0wvzDeA4YjcY1hZtXSK3iQ0th9p0IC2wSK%2Bq9iCyRqvyRauwrZC4CNS1NM5BhmeOWrou%2FeGMHJQjoxYcR4NMFpn42dJ%2FcOvrbwLW2UJA%2FRLG1Ma%2By8ltT10PKI%2BwMVPCodUfW%2B15N2Zod6t7ErB0mVqIJhcuE8sjbwN2WoEx%2ByYLoO3zIUXJRaJQ3uPnu5PV6%2FioGRgDV3VtAAOhEt18nspp4Y24XugvClHWEFsViExuVwFRWsk4IEIarG6xcxflV6tsPli6N11iYVmtLCUcUvj5Lod5OC2ZOv3Lgrmls8v%2Fly%2BO65puQMbnalxeOUrwk4tjJVIs%2F87IM
6.,巴黎世家售出8天后要顾客补1147元,66.9万,/l?e=8f03MNFAK0SO6drlK%2FKRS871kYl%2BfdNrYSgMj%2B%2Bn1aU0tbhO3xdH0Ve9EoSPDv9JvWKdZhxRv0OnJXvT1WSmn%2B1lpzB9jT3OaysDJaqYJ%2F5G5ijCR7EYHFHcESlHH%2FeKMLMz8x0mvf3jAQ0A2mEweLiNF43wIlGjfezs%2Fe9M90vzjcURpcqn0%2FKrWPPwUaIhhbRqhBh75QrwxmscZ57u7r67zg17m5Yj%2BkI9Q4WyYXJjoUuVbCoEh6Hnj2P3rSpuRqd69AI3DjSrlHPkUzbgjjGsIdbzawTf0omp8Z5u%2B4YRUr9bytyAW%2BtViaCu68VJ1mejc8ycOcJZRh9he1c1Ks5kxcJ61mcTSYrqyGVV4k5HJYCTuKnahtOJfHlFmfvH9a8vAKYhhY8RClQ
7.,印政府还在用被封杀4年的中国APP,41.4万,/l?e=ab3f2fUVfyKrzgmtyz7iWFoBb3aIjvCNs9eij2AnInyUWrjoaSm6z9NhXGVsf3lL6b4fTcIVecQ2oJ7naZJ%2Fsjpqujmov7OqTpVWJqASz%2BwJiwlhRUZtZK2gnnebLG5T2vWW3YKYoIRKUB%2FsLcMeZU9Xe%2Bfpy2i%2BYdwI9elxnN%2B8EHhn0JW%2FSDMu86xry4QtzGqkjU7x3IvB8F3dyYohim%2FFL1j5fw3FsNjXe8Tkj1omGslREAiafa0pHQhdNOFB9pgWs0OxjZveoYtTflOyTFlIP%2BbhBA9jUNw229YG%2BIkv6oHWsV0goPnGgYRwsWUlVPmXPzi7JhrG5pWs0QUx7JWYa59dxwZiL76RIN7nP6OXQjBUQUOWfztZvGJ1O1wsYhIWC69YwLkyDg
8.,星动剪刀手养成日记,,/l?e=ef18cIxp%2FsKfJcuMwYKRO%2BT14L8pVqfX%2FxHZmsF1%2Bcj9LNGde8XmvevvKQj5JKKvsQJgH07OJT2Her7n337ZOjltaQITUZHkMErklgIj1rhhtTI5I8tpnYbR4pxkggeu9f4CnbxWyXoDNfDgyQQ99ICIwCXYlynkUgEir5pzA80SuB0USGZ6yJFWBuQO%2B0yTjBtmbM3FWFRRbfJhIz5Yjfj2xcFlP%2BOdIG3X2zRhZ%2B8VAE6Prl81dzwjg%2FkkP3ikrSXo0jRUC54BaY2%2FK%2FVM5iMdpe3CNN55mOK395PitHtofGKhPmKPS5c6
9.,鹿晗回应喝多了,41.3万,/l?e=665a14Xb86dnuoX8wHdVSO1MmLN8NDLpCf7uEhsKT6hxwC3B5VxEm%2BlISLRpKKfZNaFxNPPCg30zf%2FFnva3mj0Qqe4ig6Ye2RWzdwCvyihN%2FdVylxDxwMpY2Zw3%2BwJak9V1LkNU3a5Osrf%2BaJVTU6iPpJ1KuJV1TOGfJZpEzcK%2FXsb3i34p3g7moJ3ukKlFcwSdVXZYxRajjXr67Z1l%2BZSe3keqwY0IZO6kgSpPPULetpQZMyhFwcnaZDPBRcB6wZlM5QDuqri8%2BQvZD
10.,蛇年春晚标识有什么寓意,综艺 411590,/l?e=59006sbDOfrqtNCRIL8fJmVOgtyKmaMNzOSwHm8uGxXePXzu1qdBlqq%2FAU0H6gS4pYnFOYS0irXt9zfUIx5jjYC0DnBIw4LkWfSm0%2B9%2BTQBZ4oF%2BU4uCUlBm1X895tAmL3ReFvOfDLSQ3%2Fz5ooLbw3VyYjp5memq%2FLN286KrBs2%2B1JfoG6XxDAo86qtqdfCdzRQHrcioY4RHzoPaa1pcECKC5%2FBWC%2BcqEa6B6zcReEoZLp%2BFLEzNOcnJBrDymq3fqlEPCMhY97betCxEDMFstMtR2%2F%2BA%2BGhDw7NqdmXH%2BH0N76n0ZhJxOpippSKCfN57oA58lXsvAB%2FzoBsruE%2Br8moN5vbt7uGc
11.,A股三大指数11月收红,40.9万,/l?e=dbbaI8Hcl3dPjvp5JOuV4bldtN%2FcS507E7Xn0C8Sgk4LTLICOXxYw1L50Vdbm1slyM5HrBhD%2B62DXgnbUytQycu2lbARcPazXFZULphZc0ReJfabzJHq7W88Xva0Iq%2FAivsbZsnRCMTpIZ8leIDtOJq5jZWnTTOTeAqfH35czQqg%2F3j%2FGgJ2HAhJ5pJz3etImrVBSIUkNKJNcUNqFPLTPahJsQt2Z3ME5jiyn0zDBui5Yz5fJuevYPd72lwytd37Od9vAqrcrPPBP9LVTdFoOXWZgMCxttCzcLsx%2BB%2FO
12.,韩国人的精致穷,40.6万,/l?e=f6ed3hZX3K6jNKAUC9zXFl4urGEsrcATGmFKKiPQGNK%2BkFYowWRtixCim7RIrStfVKjEcuZmS8H5PcKky9K%2BpBFsv16Ncns9%2BQ511qZ51Dm8EsFjqn0hVpq1mtd5MFoS0tUgqBAfXQ0X5bjAUNITSgI2NMyRICk5T9yg9ZjIRrwFP94gqgJe2%2FP5WotdVVf6pJE8ytXT7vX0Be2E%2BvLSVl21o%2BxcFFHOLIgeLZDA5JZTK5hnr%2B8%2Fke0Lm2bfWjpACJyXwL5uMM7exD00
13.,17名男女KTV聚众吸毒被一锅端,39.7万,/l?e=5e84Rtkh9qfpi%2BDuwh8MmN4Qa%2B1do1iHxc5ENC%2B%2FHnCDw3U7gmYLCVKDCPX8HLXnQ66Z%2FCaIY5CCIzasYYpbI72KfZ3HK7vzrTjCwmjJUjJj2UIHTuCusywqISh5Um3%2FALl05RH9O1mljbESTkU5f%2FslJXx0U2xUuxuDGCsYU6xlwWspE57fpEmlndGWXe1L6sUwE%2BzTI7jwS5%2Bw585m44iksJ9AQFX47uPs0iS2%2FbGfqjMJTZ8sQvvGXDbximmvGfda3oM8XhQfRLs%2BdPh8olxbyMDz8nkTqBGAXegNI4cNsy8uLRP1D7vlpuHjQn38v63InMKUcFLvtK05mwHfu44iuqsZghz04FtbzPE
14.,鹿晗好拽,37.6万,/l?e=9ef4yzjjhT0Dc5AgGkJWTLakgoEEVzxtVTLCOg82WMkcNxG6Q6A2zH3jLWcsDV4ZQncGkhDbloYuxRYr0vIhOtATS8PC4e%2BekMq2oiJI1tdgvwPK4ZgSQnlzbq3uDtOSx3zucgmwFhSQSgKIGhThpElbZSKPXOzC0%2BdaHfdITgn%2BaNM0kLNP2n4fXChicBJvG9eNraL4LJsa1T%2BAhbVC
15.,再见爱人4第七期视频没了,综艺 334653,/l?e=607ezLIRIO4Hayzi%2B5yvJOpmommj%2F2v8tMeIODrN%2F7v84iNRpOPOhATE8mW50bcBBT8%2Ff%2BoWKAtmXXy2Ha6VjDe4v9ZawbqfGQRaCoie%2FtyIn6i2AwfqNRx%2BC%2BXgXWx9dJaBlNSDHy5d%2FBQa6faiMn5msB11CgsJMWHdOQ%2BOSaMqpyhiX6KE5FVgCoOqfyjyHER3uBGuJLHZT87onzh8VZBKwIObgcisSahhPkCdJlJndBuYRaJUwolMhnHWFL6%2BsWzOyiqDO3vYoDlqtXJi2Bami%2BRGX%2BRNr%2B5HJaMkVOJz5inSCnJ%2FBa18EqFQetVPZFQv39F2%2BZtbjS2NMtdNRW3lvW0wI6wMdw
16.,导致胃癌的6个高危因素,33.2万,/l?e=2a9eC8jvMYIdzR2vOefhmVvBEJ5c4qhtrwy6avtikzjjmHIrJ%2Fh1tlXRCruQcbeweUYvOM9ZwfoTXnQsW1BGVi%2B7tqLOp5Y1g8NWn0Uz%2FqwXG8WHHg9mt4QSugnsOi4U8yfHOAb%2BPQqIe%2Be6pffUWyX29TtOmrHgn1yNBhHchHz0KgFsNHBqAyiIv55cl5gcM%2BipVU1G3C5%2Fr98xyUpJ9niw3LP9oefEfkFcJUTE%2F%2BTY%2Fa9mx4%2Fzz6%2ByXwJhpiEVqsUtwynOTzMm9e9pnlxMxzG6EMlJaLVvLrEvbO89cS08sJw9S%2FtZ8HZVDUfsYpS4f9jHVCjkDNo%2Bkg
17.,黄雅琼回应郑思维退出国际赛场,30.2万,/l?e=51374v8fnwuwPTOOqVETAOuFUADnjNQmSL1oJxL1FTvVK8bepihbATlWpPXdlexRUj3NuYbBM20StbQEAFiwd%2FRfy1Yi%2Fhy%2Bzq%2FaL2YflYLTyc05P8hv76K8tfe%2BwRU9LHaTwNX5q2%2B7FFFVSjs5%2F6WIWLjHiZqGnnXJv%2Fo%2BuQS42RF%2F6exTG17JDEQbJAwtDTTl1SPMTF4t6drgy2WEGgro26reH8RVV%2F7tmjRJuvfEONlTH2TzsvLayBdDTMHz5Dkw1wMEQrfS4QmWNNRA6EFw%2Fl2rPCMwHfKsp%2Fw8eoAZJo9I69NL9q%2FPEL8eUN6rwFTsDdMOA7uqoN6LUtXoldVLpM1kY42JmGo4T7g3XhbmVUsfy8HNnN8SMTX1FdU9XhvGoCYoMCA3wFF8eqHUuVImLl0k
18.,美国女子抱婴儿袭警母女都被射杀,23.6万,/l?e=e2d1%2FcNGRz7Aq6PORdpRKngCyHATYun37%2FPHybkNevA49ZA2nsf%2Bhyoftp2CYu8%2B77PLLPZLwPYA8%2FYOxM0LXdw4p9nBAXOKGef1YbITxWdBzoai%2FHSkdqEoYFOppWIxcytmifEv6BIO5C6YtO42Tnkr0nrtieYv0R1fiA7ON5JrjIjUcktXKt6hou%2BwV1JAzPmJxHDxtC37foSg1ZDO1cq5nGBb4lLAA2lE9rtevPBQ351p7mNvD9CkCD%2FBM79l6NGZHX6CJl0YvgJaytxABX6M1eHfeRDFEn7epxmJL4aiJAnwKABqsLMDA3eqs3zD2hvpOrwixZuRRaRKM1WQ3dfA%2FoRhkg7Tyg11a8KWAqjuztVUd3uWjCQfbZ%2FhVvYzq7AGf0p%2B229rqA2PxpthWxt73u2fCwUwApODymnzf%2Fo5dpWU
19.,官方公布冷藏车厢内8人窒息死亡详情,23.2万,/l?e=a0da46RNjlrX7QCc5M4FbCWwxbPI71dpV%2B68baJfX7iao9eCBtgyHCKVF2UWIsUt%2BhDdwc7bu2y309MRnKo3p7Ec%2BlG6R0KgzUeLM0hw7W7%2BD6Y%2Bq5Va8LxBKdn631IZp8T8AIYV167eT0X0wJ3pt4xeuuW23UbOGn%2Ff9qZBlFq8b3oDvm0ZJNypBJIK95Ct4lMoOg3RAri6yj2VZA9wU46nmGO9dBEjdLQLNgHNc0xlM5TL%2FQZGrkx20KkKYTw9KGIbC3aZmw%2BjfWkMD8YegwXUjRPTN83Xi9fvhUmuu4g2dDBn7reyrqXEb3UsPaSeD5BCNDMEqPMPSiKXhAWsY0i8XPeIoZETzp6se5KM2Wy8smXbt1EKzal5Zzn5vz6NgKAFNErFdfVEy%2FfmRZrxwq54KXk3tG9hDXSHjNScXzHTjJN1j8UcatTrFDkikuzw%2B9cGdA
20.,蛇年春晚看九命相柳,晚会 229738,/l?e=9eeaKFlO1OA5GnNf7Ljqk9Gwq9XtGxc94QaYN6tnTuAaOKKKJtCSN0xvalTxRg9pDlF7U5B90OwACXPEXepFryuqX7KQy5dAiAfIL2sbEdu9erkvwxoIaWuHffS0%2FBC80WldqFKiprgucc3B04xwygYh7miBZ%2BQctAfGPSDiF%2FUpeI%2FTrSik5n5zCTz%2ByCa6x%2B86vohGOSrGJbquECdn6swONSOeL7ylTqBd2jgJi%2FEDLiexPgloVaPKQd2caJXPL%2FsnK0%2FEsYfQQ58bKnuFd2NqOjsLD0c7Ge0yGGFau6SV9apuMHXVqfoM
21.,张婧仪眉骨阴影,22.3万,/l?e=0922nNVkUPUZalU06iB7Tun2yGBKaApGanPt0OT0Z2Mbl6375EzX3OR%2F0zu93f2y8g11k8VrBbqCsROWhNGlayPmUHNqfUMJCHPA221S7%2FPi6u8bRTtUcSVIUJJtwMsIwfU4Xbp1g5MhNzSxcKeAiLJVyyHvlQfBucSLO6P7UalXslM1PBVciMgnOLF7CPDOHrx2JLHt%2FiLAwWcpJlU4kyDA62qZcDLyt%2FiS39YxlLod204aSyIML9Vwaf27nbFrN9EdE3KAqv0rn7TI
22.,打游戏一直稳是什么体验,22.1万,/l?e=b9a50tFpEDEhFZXhuLb9%2BDE9VIcAggfoQaO9btYqvIQ16Q9Zvo7AdIyEQTerJftLzIc1kWbOdWSzDILowmHEodddFNC27M12HELiTG38GZiSnA%2F79ImEkVZ%2BLsdOSIeCUj2ijWF8zEX1HDSah6QWFTbRPKpcoVvPvpdgPrEM6KR4QZvNXKfjg4ykIbvc1QLHNen5VClR97KAcNjQvHjQTCvlUKtvV%2FHraD3y3oWTTOMjrkw2b95IC7yCfwuOhuyFWLNpXyFmONnA483up3sW4zhRMdaI5QCH4KAFHmTUZSwuzE7LXxQEUTpEiLIsnCnhem3g85aiACrEVBJhociCMqU13Ak4EXmL
23.,中国游客在马尔代夫潜水遭鲨鱼咬头,21.5万,/l?e=b8d1a0rGpa8s6xzwrZRTM90RkL1uHQLj5AhJE2tmuKX4nLvOdibHq8gtVJpsqHxb0%2FyAGshbs72rdtAjnVhkFGa29AdTfXJxWuOUSGyri4kHOwGMfh9QWlA1g1dKhYicfUf0FLGFvCid3vWFChajquFfklYhL1vu8BLNvDHizirHYb1fyJpi%2F5IGyiNUFp1P1Wq80dwfX2yBBtZvljaMgHKjCM0ph%2BFxWjVRqoCZntqbzaPQkugZC%2BNIJ%2FpEwtVFfOU1RNSvFScy36ue8WkFFJiOt34%2Fe3PoNtdjFfMy%2FrJqS01VxjCBcMvnOMn0KmfmENHgiKHM7hBDMMwpuBx2%2BNIH92S1N4yCCQkZ%2F2jkNLk63HxyeymhNPDVC5obX%2BKyaAts%2Bzz7%2BQmwIoLC%2BL%2Fi8zdvoZntLzIxFAzJiolHGqlcw5TEhXAtxRE8RO3neXZPb17%2F
24.,周密把周芯竹买话筒的钱转给她了,20.9万,/l?e=ab7bTexPuMBD3nzx9baMRRyK7o37KzO8vKdG8Z3fNcnvtuIQQYMhMhtaY5BHpTZySGtEDkkYAYwA9jfNdZ3VWqCZ5AGLr5Pv748OMu7Avro7Qkhr%2FSn1YciBHHStJdUhsFNV%2F7bXn5WmGRvnEFoxWUcBXo07zYcOQFMibMrNzqdhA9d5SxqCZarEgV%2FlHo1dFdsJqYI6039emU1t%2FCklDKvtfmTnG0agvPlr6ZzBMiylKGtYYHmlhPMogBB5osXDEoarVR6q7qMUTkKJ2WoC0iGzBU%2FVSziln7UYehaa1sbEiH2MMzvooQ%2B4OSBFfEpYj43huX3NtBO4qOLzP6PassgcW6c5Ss224knctmMTEp6TEL5pA%2BXanH48lDsElXnHHk%2BlME%2BweBSO2Lgf4%2FrxFhlXdHdjWj0HWqaxop1UWBtxBLGM
25.,冯绍峰接想想放学回家,20.8万,/l?e=8eeaaexTeZvTT24oJTeN2zVzGYcPDdCdYcJB0PJnpOnZlCUhMFfjgVrRtxMvcGCjROS3jLvi6zURC6EKNCxaIyofORXuUDdFzAI6eU1Ik2hZJPiyymQL5RR7Y1eOVXw9l7YpePLJ0m4GcN9NXsTRXpa%2FYB5HgGSMQAS%2Fsf1EqBaUk8P%2BELzw1YiqVii%2BiEGVBMEKKMMpS%2FlUgspqbfZMrMeXpFoBDCJSdOelF4eMzurNIvFqXXCcg4maBAqOzAGeI8KdTO%2Fjk9J1%2Fw91yklyPkX1IuE79p6Fe0lr0xOnYnN5lYpH2EViiz%2Fgvdy4HOlNpkVTomxvNz37
26.,林一长沙活动取消,20.1万,/l?e=8a9dQuUp1UFd9den4bfv%2BXwG9QQSjtv%2F7FO3WEK%2BGHjULngF8dP0fBmRW68hKjFWt8vpgHJOENTK%2FYl98bcWWaHvtegp87mKkDG7k%2FBcPHWkT6f%2BjWceKjtl043TV0QP8F1wLjAy3zQl1r4vIffk%2FPYOHr%2F09LTa6yH5ZRqzp47fU8%2FIMCD%2BffqeoFX0jhQpG7oZoiGdyDRAP1d176M1hKHHxlm%2FpW2nSDBxl%2B%2BVLBK42zKm8soiBDAh5QMaEpYoD7lZeyNMrplj41P1MUyy6tbmDichJMFc8vQC
27.,郑思维回复樊振东祝你我都一樊风顺,19.6万,/l?e=15a4J7jq4e6zhdUnY2qqdTZpGtbOO59UDDJODfo23ztG73VvZrprwSBvLmjcg9QRrhv4h9F1ua%2FTBNOMwo7IGbbqoND%2FRINeK%2BSfnQBNJmu%2BLi0gNv%2B9DKYN6WDobY5O4zSZyROj812zpzolTB41UvscJAhesHn0Br%2BMeSNCQhJ5pLFgdF7%2BthvknjogOkPYf5nPZGV9%2FXPNmDTP9rnUHxpp1002mv0rq63lDtdD7wQuA9uKna2qVbklrv%2BUi0aRFfwzdacd2Fk4S8GKAVMA8EuTtjBxRBRE39WWzePLwpPSJg1i7g558Br1He4QS9qbjxP2FxUAQ4vxKhN6ITDHhLXpg3KaVL6bafBL6tUyrpBnVDZhOPQVDZqVf6pZyWO%2BhhEwsRiQtDoLJlcxvtXFT3nzwwxpDqTb1e0hJNv3yDnwLFCvvdTbIdf0ybtxsEbrmkEK
28.,安以轩老公被判处13年有期徒刑,19.3万,/l?e=d193NLoAhXOLUqcHNSAbhuyzE7%2FKAUbsgz1dmU1s85bsjR4UVr1MGPnaDNesEhwT4j9MdxwZ%2Bpm4%2BfmNMbOCR%2B4%2Fl3BdRgihQHiU4RSc%2BISO05njvRasoP0STJV71YHsdX6vkaiLiw5PBfbt8T%2BKGk6LYVt%2FEo4GbIhqRGIt%2BWiqG3gHlZFNa9g2ooLfF8AtNEiMG678a5%2BFjF0S8%2F6wNRqSDEuABprNZax0zWCWHCskvBnooduOCYc4sgOiQT6IOTiucOKPAdGH9l1plne1odUTfNctGdvbF9LQzPt28lOXOmtkH9dSnTRc45CxSp2srVb4VeaLl02EuTJd7ttkVleS6valZlRPoNzti5pS%2B84G2N9xRBhPTFoxzfraylImSPe0MUiQRAg
29.,女子在中医诊所遭性侵医生被刑拘,18.8万,/l?e=c22bw6Es7Fik%2BN3j8L66HTvT5GLkdkkVqZpmiijrB3mmurKilgFZGbdeO%2FaN4qkBnb5L4EfifAKiECv%2FF9yS5rkuQ16EybIhS2Qc0CgJSPMwn4Iu1qy7ZjbLSTlfFm7k56P5MKLCb7cB5Gh9f8kWuu8l8YjMNCY2l14%2Ff0uMQGQ%2BYjwpnRCCUhwwOnU%2FIgihJ23jnDvkqovawftfLENbi1GlYWIrjEfVcmC3Hp%2BufOt1ufXly9FMz1QgCw0D0Do0vjZyN8p2qOzsHzDT0v%2BglvtnOLxw06SGjQHSxFp18wHODWF968IjOjJT4bqFtHxiVSxipozO%2BEb48P5wos0v%2FCD9dlMEficLC4%2BYZ61QTdOcndt3oOvcEiJS0UorX99SaFi8L4Nx%2BTIaSajoUcLWRxO%2B0YkH3sfs0KUXQsWrVbaBbIUE
30.,蛇年春晚官宣,晚会 175129,/l?e=beb5Iis5BmnKC%2FKo07IXZnpqxDN8ckMCApbLijqYPnOWBr9Aij4j5Z08VkN9luPi97XWO8EF9E6POtKTvJlo%2B9dVhWXg9SHDEr3uHwURsJIwBbK0R%2BA34bNDPuyN4%2FASrWuNv41PIQcW2Yp6gL%2B%2BzvqOF%2FXq7B44e%2B8QIZe6MS0NLKGPBwJcXeKbTvZXzvV5JwptLNBpev6XgdoNRpg31dOISFX%2FC8qFm%2F3ornYege6bKQ4LE330W0n4esB%2F
31.,郑思维说我在杭州等你,17.4万,/l?e=cf28e%2FhL%2FdJ4eOKthl8a%2FO5dtBwkD3nF5pwBi4M5oZbC6AJTHMaJpmwVBmgg0w068zFWtSHiEFUAlTtgyDOlHY22heaINRRb44ZwxWWa7%2Fo3RH20gOPd8ZPOAYEsR14YOsEjCCt4UXFJVSsuyDT3z3fQYyG%2FbytOlsiXj4PbdOnghHJR3dB%2FRb0gpM%2BZp9xn1LBY9aFkf60mi55EeG%2FnPAAF%2B0NOI4JzXkdmj7pfj6UuEt5QWsCmukz69L4kCJK%2FqYSbuZGkLX2i0ZaUEYQfUPoj5NdAL0pQo%2F%2B7V0f7CjjuyddOXyi04GQxtvMgZtd5KptrQinSdnpu
32.,王源头像P了个新帽子,17.3万,/l?e=f260D%2BOj7xMUI%2BY%2B3fNNjfzlid92nRhFs4FKh4MMMwCPDgE%2BII32ett%2FKx7ppvnRUk8uma3zAMZ%2FA5i2C4CiiQkQwQF2dAxmhdu3zSuPeT5NPPehQ9PyqyPtafhtmp41hsxOef966V3OwYRCbQLCBp6w%2FUon%2FezsdsbsoHs%2FkCETyH5qccdWcAXEgeJawAIC%2F%2BDEl6daKGuEYZhqHlk%2B2JKcs%2Fhme7SMayRCVAl9doMAuS%2FQnKMHOCIP0g7ldo7IHjksdUA0GL2BARMmyG7IpSpSLyULxOni0KhTsQ%2BNnjS506btLciIDD%2FDjA
33.,为什么刑侦剧多在东北拍,16.9万,/l?e=c593ofZbU3zpvhO3jAeyxhhpH68iMHlWSrR6PwE%2F3wtXmlk2CbOgmiPBtL1KbnfZQpVavDrJrSC5mlFtrT7fv08HwcJlUaSd0tyyZAxvECAK166kCxmhuQQEtmfD5DKRVXhqpkvQPNMSU0LI8kIMdzZYFJ0AbAuLo5taATDsxmmsXwhcZXuZIG6HzjYwcuJNw5vg%2BR6HEG1NdWukxB5YvS34AsQLXVVPsdeE0c%2Fma4XK0LwCIA4cWSAkx5xUpO061rdUle%2FAQAb9jYBoPeSO9KePvZ%2FTTZOaaPk%2B3jQo6%2BKh27WDuVD%2BKmzo9pfetpYd7yvba%2FvkK3Om5rf5rAMzdFEiure%2F7A7R
34.,iQOONeo10双芯战神,16.8万,/l?e=1fb7TLLAkIKlAzgbMMFa83g9frQTZ0TX6ylv4cvX3zOywGAxugrgzgfyYI4TK5luv0dhcwqD6dHiwq9xHrYegLsKnQMUzqEBIqvck7HUUjLLVOZG0Wu0tcsEhrMLAYw8unMtmwVjqALhPRLGpf1IcVfP%2BuONPSGQYd6cpWPZOcPFg2jVEqp34syHbsLBeoTKJZp03VQwGok0EiRQwHMpQwrQkNX8ZSfk
35.,辅警因为一次好奇9年后救了一条命,16.8万,/l?e=0d4fHO5LUjeWIZ%2BxJosy2JVr6%2BTcJoZiTmwDP9fIIbRANyREw69t6i2qkaWB62Kz%2BPAqssULEYpQrlQt%2BnKzErCwTA7HjjoMtDxakADaTv6cWzc3WAdbFlP1JlTCo6L8NLZsx%2BsbyvM9j98WDMI8hVUKhFBjaTVxPDTAwKdeX54AwoDtR0ycGrYDhbBvzCLMyRN%2BYiA9vj7L8kXRilZyb61GkCpX8NhQEXYlpdVzzECz1kafpeRBAxgPLeglMI4FU8Nkrigif%2B4F7PVyHeLUhf%2BPN08TW93eu%2Fyb%2FpYYZfuonOUvKXwp6C%2B3LIJHD3pwAhsyWY4Oweo%2F2zkSv64ZbRFc7GxvQWNpFBkZ22ZMc9bEohkMElxnEJFd2U4EpyGu%2BKe4YygY4X8X9POaLYtkAYFAd4Xe1lefeDBuSrAqJY1jZrOX%2Fg
36.,年轻人买的水果半数是情感商品,14.2万,/l?e=c9bf6FN7qV%2Ffo9cpGAoLkRov%2FcbSWbp1pxLsTD2hQWmgywdCNNfJvArwCoHWkttbVGAFY%2F6KCRxBgEQ9B2CWHs5GWxk9Tg8IBHC95ms3TSBXqF1dQlb3vB3dUArlGc8VB4MW1Xfm9jXbQ7hvEbdsHYoUBvsupF5dkcaNfcyaWrsRrjpg4qqrw8y2KIvI0ryyfKpRwCgRtj0rU64yKz3EmjafMZo44Fg5oDR%2B%2BWaCS3AobXCbwzHdGbd9KfMk4Uk2npmIGZPgIJ5MUSBsNPix4u%2FxK9fdfnPk1Tn8j1R6JHqgqNNqPsNGYLsycw%2BFvTCE9UF%2FHOhXlqePsO4BpZ6libdeqGfhy91e5qmkBMPVv3xgWQr5iMCZXhDbOOtvCO9es0p1EFomyfsdn2L4lQJ4dTNOJ%2BaY
37.,周翊然周放一搭嫂弟二搭姑侄,14.2万,/l?e=7f3f8gWP5T%2FOIsZo0jeQDu5BbNDr2o2ML3tJlubWqUVQa5ZmFLeUb465CQexa%2BJFguSEX0YGOp1qlZSmA0URWnTHxwJXUjQe36v96Yw7551tgbWZ7BOduum4ffyYccM01k%2F%2FFFJG9QuYYgJyBEWXTD6hf3XObG8GTlJ02b3bTQ1fP%2BJ3XwjhR4J0%2F0VJyRHt3RuTzdZFXgYb7FzyjjpxgUV2ykbDyy3bNDIqNgG%2BC3MuLDvSiyfOdeETqmg59VV1fd27PM8QowN1lmxOVkb2G4zJQkwgjOhEIpewFvZ5wfF1P4SYeVFdTgshVdxMCjOe4aAgtRLIk3Bzt8R%2FarKOaZ%2Fcv5drPo54CeNUhyuHB1LP6Q6UgT%2BfDPUfony8sXMbCynWU3Vb
38.,优衣库客服已读不回,13.8万,/l?e=cee9f1UnrGVBiT8GnLEvapBZ5ODCYlCpSNtH7kvTPQxTI1NEPJjbexeiCPj2F27jhLB5zsJQxbwoDDL7bOfv1BuVQziTbUIlt%2BSy3t6fsEP8ahdSeleTV0eY0UVCF1JEvtWBB9wHK5eQOrqY%2FV3kxGJvCFDYAWNCpKD35O5e45U%2BgQ76Wawde8UO6jCHhKTuYkiepzUrswEf6NRkmfuIse%2Bdq5HDtSOz5KbkOqvFoO9tVLLY9GAnBTuYk7dWIOezvehpX2E6DhToHri6ow9Ci6gndYCBNpwyxbBEXANVIesZ9kMlWw4v%2BpFb
39.,国产剧奇葩婆婆又出新款了,剧集 133301,/l?e=9f89Tm6q7VdCyrRRd6xsh0T0kvcU8wF5TDbg8qAPP9XCXEmRNDHyB9X0V4VmlZyS2rQCQokQxQEBiswoFqD53XNn0WNuzxYPbGEGxpgS6hr%2B1V7Wf2dxeOW8mDlsFmyiAnvVjB4Q%2FdV3KY9bqx08vs7TFI0Y9O9emk6EOCaTXdhZOdoPizTXRgdC3G4nPZKzoEszzu4tzqG2T6vA6zXBNJFjmP%2BSMzO5Dux503BOUsVMaAGX1w51%2Bp5278U5ULqn1tAeNr6APjoVd8RbKKmxgoEAPsfkm94NHf8clapVlBa4AmLgpW%2B3WeZAmBt3xsE%2FC1PwZHuPiWhvYma%2BL%2Fd3a65KwUnQ%2BYvcx3TNGacuLwYvZGf%2BNOxv
40.,丁禹兮看人深情是因为六百度近视,综艺 132684,/l?e=0a84pjCpOOnzbEYa7EQic0P1PtMidfHFtuMe9QfJcXq9zqGlblqPNVbG8vgLuDCaG7hhWLzsW8sGLzN%2F2KVzWwjSTfqJbrzm%2FVz9MLtXeAQhHuAp2E9JckB68z6l9GDYbK4wp5yfW0IT0jBLnTjrVINTjwzOmS9hv6XhXv8QCIxweggfPqaNkmHKR6mXuHQa3lZuWzGOEtHl7%2BMTkDHF8DByMkHa%2BmuZSTQseHvRE80K0BmShvXnh2kqLWbFUYBvcOxBec3fsNf3G4VUBI%2F6bsziI5PozCCtfo%2FZJozgiix9rBB1MPa5EUtN%2B0Yp2JrMCCL58vz7sD6bS62PGWLGPxqkiVQxdv%2FKd93wl3s7reV6A9OawlssuXnLiqT9gg0m5y3N6A44tEOHV%2FEqCAQ2hjFMWd%2FuvionyO%2BnoYk06kVuKvxw
41.,樊振东对郑思维说风正一帆悬,13.1万,/l?e=5016iX9b7g0WCiLFXnPFaWuOj9JJF2HGJpMsOft1PaoyTFU4zyWQ1iT22To7R6Il5hRI6M6E0wWPap59JGCQw3MoulwMsaGO7km98TNVlaTvXwPrvclUPQwwwFL3TXkT3jEi7q2QbuNRCukvm33F6D5SwHfZLIaJLk%2F9mBSn9H7%2BslwgRaT3lOrH%2FsMXIsycGN%2FuEBYyJ4sk%2FkPReHA9a6nWCajCL2B2O8v83FM4U2Dty8Jthk7mO%2BYDLRpY9f4ESbBQthSa0gaKmOoAkl0rpCKV5Uc9J%2FqYXuMj7%2F1QoahCNgECm2TFpUOUuRyxzXYDaOqGRGVtpsXDGOIF8i0%2BvmoQP9Hcp9uMzOc1NWPt080JnfVIjcpIxbEn9M3lu24tnce6axsJ
42.,TES官宣Meiko离队,12.9万,/l?e=6125u8m7Q1qKtK1j0Yn6EkefxEkOQe5uhA0C%2FF%2F9YbBKmkWQFZ73KXbxjaf5YOEIhPqH0EAX8yh%2BTISzHvgSy6%2BhK4OhI78ycMKCR2%2BsMi%2BbhuRo2ofsbC8Qit0Z8M0SSTwvUpVU6JyJutDtBylTrUpxSmf96wSoxf2OOCmgKADSOy%2BUFahlVJ2UbeWy9rm0MbWcKrS7omjxJOoiJBi4%2BkD9advsf60
43.,王楠女儿落选国乒少年集训队,12.7万,/l?e=4a0fEdlMHGGRJqlELZSbeWQ984VxkybYfzvkDoNMNiE1Cfktvt88IV%2FEfEYfNYWOVVKmwzWhSGSIlpRSg6NJChJywauHYAsQPLCQt71FvofThDQ1t5tm8QCeTBfvJjSlvHJylamBOwCB%2Fd39GWUIZoGT7kJWnKhYPCid0CHWpn1KjxbZKd69u6oswA9c%2FrdgoT3WU2BNAgzPfneBMXmCbhBeZnDzyfFTKcf6DguEGoAh7%2Fu%2Bpc6aQ7bvRmkN9Y3jc9pCp3cU5%2BQlgCozSEs6300zZbC1h6KJpaHKFBw4TrpuqHqrjG8unnN0WIQNMfKND6vF%2FFMJ%2FuCjm8A1G5w%2Fg%2F6cLt%2Bu5I3Tqs4wRcEHA0D7o9Ax6UrYnXkGi5thClZf4Og%2Byl5h
44.,优衣库在华业绩下滑,12.6万,/l?e=063cZ2fyTmymMHL9AcFT3%2FJzehIbwpNgTO1uCTQoMCPqe8Hqj4mYUNJ2MzEshGC4lycM%2FpkywOMhY4oDGlSdmHYYIgz7pdblGKEvmLZ8cHa1wL9hwMjldPWJYFazCGMlQxd6t61Qh3%2FFHM%2BoaqzxOCTwzsB3bZaoJj77vBJji4FkhKvMM%2BoJ5wiMsnjfqref5voB7Q69v6MixCcxzwYWKyBYgUuR73sDgLRiNZfWBdY5i2D%2BS4u76NvfwTab9Qi0QnxMf0eZCxxyv%2BauzpOYDa7Smzmp2uRqGZESsvWJP0bzpA%2BPXigoIs9K
45.,侵华日军日记曝光南京大屠杀新证,12.6万,/l?e=b9635hoJkGLh1lzcVtuEUkavRpKpRs9K0ySLZF0iz9u%2Bp7ER3zg5LM4jOsmt9tkU8MJdF%2FTTzTnLZZi%2B4q%2FjrYXjnAm5KV6NZFtV52rvF1wl%2FWb7B2PePj%2BDR9jBCzr9AKULEVch2ytRdf8%2B2X%2BcpLUWXPamt2XDnmr1usfKL5eOt4rVu3uNCCd%2F09b7wArT1oEE3tdG3jmxajm0IKIevZ50MfFdZUW5p0oPz%2BxsekS1or7FVmLyJtyjOv1EF1ZiAi8BOYSbgRX5WF8G83VnI9Y%2FQf0HnZj0l3aOCKNteLDC15eFfrcv%2Bq1%2F%2FDowUHFgmlvs5bQ4D8Z14gYRXnDcC0P6dwOBAbFNafo17dm5zAtWO2RjjfyxadAOncutVgqbY964qye024%2FVK7NFYIMHw9skL9AvKQLSpJsAj%2Bjofl3mrper
46.,奥斯卡宁荣荣 新还珠格格,剧集 123615,/l?e=9c11E8qKDospNlaWEkiiVRTJI2NCRPyNHmsZAGwMWhgFGtyrGW5XR%2B6DPLueN9mW2pl4hTHUX5FiMT1CEpVXDxoNFsnTFrnrbwOInAcLEi6uB5W4iCDFpouMuTL3LBXU5W3yPMswiWhRoRZcL%2BKckoVZxi5YY9QRhbBjKcswnFE%2FQYHxmqveIN3h4VTtZ4T6kxs5XSIzW84oTUt6vXQxggTHrVkIyA7kdufUWUJwniIO4RG7THMgNISbNQO09%2BRONdxNBw5eXGzk3AlRM6khu8wohzPhvztL2GPWuhklqhu6mjwaL1w8rBKCgbtGaRmvv5qdI6mJbCjA8iRRsuo4iD%2BI4OEGB%2Bn2i8nz
47.,你家的筷子多久没换了,12.0万,/l?e=e2b8Fl4TZN875h2R4n1CwW7lMCEJ9xPsWoCHEILZo6pDv5tKWLqMrt4W9PyDBbAzA6Gt5uDKjNNRveqz%2FIlF9BEJDyk32ofT6j45SJmd9N5hMzbDtSLpQPl7GYnMZM%2FaZO4LD8ccMhYNGmR%2BldZQp7Fojhn8yIH2hdGZFs47BH%2F3JzNxR20aYTX7bg%2F%2BgH0igud1DiQpy%2BIYki5LCqFqW%2FeHC%2FGwqflDabZVytMrjIjbrnriciB0PUjrPvxPOrkv9BCGNiaYwkMGC7wIQ8G54HmZ3im9FYGC3qZcfJlFWsx3FDlAm9DVgoewGbKbreqwbIeja4TVm%2F6h
48.,珠海户籍居民可一周去一次澳门,11.8万,/l?e=22fayQ9iHyIJHv9%2F8YzdwwKmlyCHXuLu0mZ%2BTZCpIu1ok5usKecL5WTCVVEWHt6FTJxbN6O0oy5agpK8c44eQQKnxSA5MDaNOCSJqU3AC%2FQ%2FHKfp6yXIKx55uPNdZ7owpZbK7aADSpFFMx2gwewUhKwTsH9ZH5yRaplELEEULnv%2Fz8a%2FFwpD3w6GS5tYpj6BTA%2B%2BXsvb9fVUlz6qhWMlHFnFyMOFDOaZt30QJa0xcZT8jjwHaRkXaWW0imQEBjtBAO0F6h151f8SvjuiyFsrjbxLf3ICIH7G48XaofXVDJ5R6HEfGj1RkYe1C2gnUQpNd0wzXV2gbvDoM5gw%2FanMZ9Q7BLzgGHhzVE9RuTEa0hxPfDlvTAlOWLE4mPV5MvGLXnbtjdaG%2B0BghXckXfJ%2B0%2Fehz1Bh
49.,杨子黄圣依 人设,综艺 110717,/l?e=3f19k6bCifw6kAEzxnF%2BVF5AeUVn9lTwcuxGsRyuynrJefDu03Cw9FJQdudQykV3ulqOn8hhN9Vyksdykf%2Fty5fZXECjEx%2FflgvhN9xL%2FUlHLtt56auyhbq25yRycqlw8Yn98Nvf9pZtaNVCN0rjZiC0pqLJD7U6zG0IJhtoKjxiqhF%2B4elfpxStCnnjdHk%2B%2BeaK06Sj5iMUlfHCObk9CTwIMI1uaiSLgrsTy7DnHBEHdN2ROSH86RT8aQgcBSiOCwIFSoMV0uAix65EUAT7
50.,澳网亚太区外卡赛,11.0万,/l?e=9700%2Bsw1QRJVA%2FmnCJYhudZIBrJxTSymDVxPkSmgMgH0U%2BDsQlXTu2hx5HNrcSGWVqngkZ%2BhZWoQm%2F8cy%2FrsXkGCJBJCDWdTMNECnvViK3M%2F%2FCIGKErBWvJF48uzZWJHLVSMccZpJYTK8fEkhCM1QioAc2AeFmohuFNNgENZcZgL5fLfrHy07m1HkAaK2SO0fuVu6PQHZoXPyjnwWHidekMQJNsCZZgok81r2aXrxk%2B8Nf2DstSelrF1GCXh%2FLZdEUA06zj5DnG%2BYHoivCJiDbG6JPtvjRBiwRie
51.,儿媳控告公婆未经允许在客厅安监控,10.9万,/l?e=a58cqD4aKDWt1wf0Err1ZfStaNONR9jpBSeJDM7RNxzLoQHhUGVLom%2BzmFE13ewhgqhXPJnMGW448zzLpz8Lvmnd7FWQxxpXSCrow1OHrpU6rMiBYF9rIlMph3uqqAjVt7sbJwasKM1oltbiUsGMek2ksJsadyw4Fx7SxTaBjTXlYcAM01WOVDJjNKrX9Ewzqs0O9wjsbk654Ul9bd370SLvLndQvJ%2FMGO%2B0J%2BzB7lLrJdo%2BrI6RujFXZ155Z0I6rvynp3dvZzz9pDBps9t5DAGvDSim%2FxeKetfu%2BWMIVXu0wLjcnUT3Cu1kS8fc0lX4KX6BoSDr5akWGSYFDuUSCJlTI5a%2BjBBPc7RVtbEYggYh2ofFoI%2BEW3Abyc9e9Xv3c6oRL5mIj70Li%2B%2Bdgghdf7Q9M3JJ9%2BkxEJlRrY%2F%2BgsDidljX1GydFWtE5RKDNSQW%2FX3n
52.,侵华日军日记描述南京尸体如山,10.9万,/l?e=e0bfZjAruCz4U5YCl4EmiVeH5WuqSqeSSgwW3Xm83yH%2FQf8Mi7TEl93Jh38KQfpSTVKPDOmsrM0bKP2bIX5mviaNzI%2FALpA4bpsXlrZd5jyU6MTdBCxV5awXmAmdptRS4Rcm%2Be12W7APjOjMPlXKS8c57OHrN8wPSb6dp%2BlkjPrQw2jATQbBkF0tlvnzYwFY%2BQ7V89FwGPFGFpStwGbvT%2BMnPOQr%2BJdqjuaZON8%2FGpv5oYtaersg8%2B9bCiOg5K5pIjAmTrq0bL4HDCIW4YGQmWi%2BLkcKp38cSANWQcOInFTtXD7DT9gre%2FOEX%2BUq3PfAzphcouKNK8ypvbHJP528bi4M2CA2w1w%2B4OHa5cOo10tCUmHHTDyMLxep1jvMw%2FYLlASvjkXPCtR431v4L1C%2FxKRljGHr
2024-11-29,蛇年春晚看九命相柳,晚会 229738,/l?e=2312w3IT54nQEa6JXTZx%2FBteHa1qKwWgIwvTeM5E9Esw8IoFDfha2agrlovZOOAn6AR%2Bv%2BwiMLamL6LIyebvj8OO4YW0uUKZGLByGk2bb0ISFC9lELuGKOgJxshUAXfzUVjAHBXMMwL65%2B54TvsIITZxcubph%2Fp75tJSGrwVcZcAHTGAhfwkyJ0N10hG5C6A%2F7z9mkSQiQJ6yM%2FD5gaAJHkelPovftc6HhUMhFPb%2FuV9hEDuGCo0kYDa8IR062nGE8p4Sp9ksOxaT1PZL21WGzI%2BuiwM%2FsdIqrQMp85Th1VJhpZF3INwqb9A
2024-11-29,张婧仪眉骨阴影,22.3万,/l?e=5b26Lz%2B97NMqBnxrqqAMq1Ec5NIjnpCJFAjGuaeWVeA8eLG1OpKq19Eh6HCRRxtgs2159GhPeUBCv54ytUTLmr1sKZQNNNAzHs3tnV7LYFNkd7AgvbGlBw76Gend4sBImL6wOLb7uajV9Yt3Dp39XtDPpQMV69pDYqWDzVYoPvzc35D52kAH%2F7lTfxjzuyOihMardREhIIubkopItolheiqKrw8RUwZDcoI6UsKasc5D3y9wiKb5LIoXEm%2FdbRdVa3oZwqq2Fq3X%2FUho
2024-11-29,郑思维回复樊振东祝你我都一樊风顺,19.6万,/l?e=49098q6e4SZGr6BR5aX78JNv9ahsM6WcATN%2BAJy%2FS68gA1eZ3xrdDPUuJlFeM0w3swZ9B37NmXl9Xd4tNrWak06iL1UmL5DOZ%2Bt3LemE0xEKKqyJBMArLDQFAxgqWy5fzeCg70grN30J3RVwdkci6M69FONxH4MMB%2Bs35K7f1ybDID4BfphBqhtYji%2FCAQCto3b%2Be%2F7DypV6JIfZpLbsRddgfUakBjd4A%2BQGoWjpCUYotQQbAErapt2pzb3Gp4%2B1aqZH%2Bt83IrWzDPR2l9hEQBm7d8l1uFLF%2BecDrGa%2F%2FmdVIx%2BgIqUWX6CuaOcRpDTKkz6m%2Be9qoA0NaWdeDMKSvlidoBcPcZVB7%2Bg1vCwjx2TeQzhjp0c%2F3ZbOoac2U9FxBAkQbLhDXgvSZhrJnWJMFqPuslUArZ1EbmgdJfVrDktuYH9LHR6wqVquxSaXwtcUn55s
2024-11-29,安以轩老公被判处13年有期徒刑,19.3万,/l?e=f5bceqjDAVSSv5NCR677tAQ%2BaJD7pKwDghBIU8tiWKt90PYcRWEkAu4QC9A%2By9e8W%2FKECqpI1kZPQ9rjd4LtPvckjzqBuuUH2uWdZx2mgIB1NPFBfMQRSswlju4Dd%2FKDYBeRroME%2FnD1uzdm%2BfM4AjM06GbPf6oy8Fc%2Bs8a7Pfu8pOWfUb1zcdwHEed%2BikADQkQ98UXFgoiM%2FVTBz2LO678uW9kHkyVQrhx7g3adiBscKmN%2BqBdKE5TndFxTvjzEdIZwTEw%2FFKnbQmaze86vU1TUO%2FTQbWqZJP%2BnIZhPPWN7LQ0Yq9lYROkqF0%2FGGb0QTZ7I7RVa88znzjIEfzetE8%2Forx5w8dOVspauZTPSzbMX9YR%2FwwkQqqxnvGFy2jsUSJjLSE6VaNg
2024-11-29,iQOONeo10双芯战神,16.8万,/l?e=3833RlXhkTHgumj1oXIjo1a6MwacJBxYGd4P2O1CR4%2BpWsQ5YRsezf3ms8f3aJf%2FxQloE%2BHuxiD8hQsw0760IixeIISTVEqHcaf%2BB5AOO5iq0YSZV3NVwoS0AzWzDobcoX6Gd7PjvwTbnpPPuLn0EA8ye0av2Y%2B0fEIZiIhY1%2FHbkgsQMEkETf5BpftNcok8ltqLuQIJVZfOMZu%2FCnOxpGa0MnShoOCt
2024-11-29,周翊然周放一搭嫂弟二搭姑侄,14.2万,/l?e=4627vjWghEW618BJkHyV1itQLEFiJ2NNPenMY3ET2Sdfnb1vjXeoCDj4oiwYFwyIMsPGJP21UZhUcHQz30zL%2FbczVye9M7fOGORzESL%2Fkb5njgt20Pi0Sb54x%2BYNHcVpnpDyVJyxAn5hce%2FyL72JUF944JanRsPit%2BqHsX04wuEBv3akQOpWALjfleKWUJoHF1jS94IEJASosoSbTlNTqE3XXUoibLU1bggMV1qbzDo5Y%2Fv%2BLBW%2FpH29zV8RdXGj80Tmp4g%2F%2B%2FfyQe9p9U3J8I76W1APD2wRFB2Jy0g3r01HJonW7M%2BW1IB7Fi4Z8BTsbP4sdl4uzpfe2c2UqJtXFxUrv%2FKQUIZol0RDV%2FY73Rxv%2F1A%2BRcqSk%2B2oJPPuKdhtWu5FtsRP
2024-11-29,优衣库客服已读不回,13.8万,/l?e=3972Oex5M1wNxlUxvkkEU7LGUVjduDw5MUGxmQ6%2FQQPYYRvX8PJnUaLdL0trjChXQmL8FKeWqmwiyCy7yUGj9FYBAL2JLBKbyTmRliUQqJ4WK8wrDDLIAC9h8hsBswpNaFH28wL92jGL6Rsxzo2n0s8DSEeGrnWpLIOp18Sk9shvd1am4gW1V5zHbRoT2Kd%2BvFY%2BABkzhuB6eufxTlWykmSdXbCQNLWS8sv%2FkO4UIJqgt736K%2BAS8QLvXiIKd1Bl%2FMLxZ692d4wBoUOPNV5OEn3ev08Mb5W%2BETSYIwk9u3l09h3pFeMqDgj4
2024-11-29,樊振东对郑思维说风正一帆悬,13.1万,/l?e=6227srf92wjBKIp3IiuMuO3fOPVfmQDyY6WTRKLJfPSbQTBtJukhD%2BAfv4hIhQAo8diFpiFWDGuPPeTNGnWdUc5yTpBupgidcSSPSCd%2FOgc4JnTIpdMFLPxR0oGBFNfBEvvIO%2BNFtCFqS2JV6MZNnlhRx1xPf4fcSaKZEABCBeVfL50xlc%2BSWJKZB4FeY%2FCsfbFEaEBpYe935rFuPclgAGcMbaiPoBxYIv%2Bw96rtMSclSdE5eRrD4iFlRgkM3VJJC28ju6IAME2DNeT0%2BbEdBuzEWV4cBP1s5A3UsvcPPLWLV%2F4n%2BZn387pwVujomCGAjHO4hFcnbZ0AZXeDn9kmSYBe50ArQXsO9TyJbA59SV9xu1IkxE5tESUzPI36NZ90Y4MSr6r5
2024-11-29,优衣库在华业绩下滑,55.7万阅读 | @南方日报,/l?e=ba3eCoY%2FmgwO0W49oHyXzW8SvxYglk4NDE0K38TdIQg6vBPxaDyy1TTnB14h%2F0PT9%2BJ7LTQLZ4R%2Firkh4Y1lYF1%2BoUzhVoSEvv%2FigKojW8dZQELpm%2Bx0OTpBqhpuygPmiw9WdtW%2F2QJJV6nVa8%2FR8buFOCNq4GGTWOvpiKFsdAn%2ByBeedFDzyFyFgrR8F5AhBb4mNoJfAK9wg2Hjt4eYUVfNpKdAjmqUuSH%2F483JPiUhchgsPYwF4nKphbXLODOJR4KfjFUs8ay16BT%2BaZKo6IwWDFCasO9DNArrvcheq3QgFHSOCykWNR8l
2024-11-29,2025杂志超全订阅攻略,,/l?e=c1e2iitLdpN70oZp72dxDbVoKOVW1VivqdHSRZ9DiI9uwe7f%2ByPVeq1EaA2lTg3ymA799V4Km48J7nSE%2B3JlWEDK8I1ttfw%2Fo9OIogDadLEPbZHLM5Qd2XuMZLWpbiA9%2Bg3poSu2Cw3%2BU2qDYrPcL589YCVTPLDRUm5oRUyWQaFSrDMPEG1VnUDCtQR%2FC%2BsJNwlTPOxdVdDVTwifPgGcJsIp9WBZ4EmWCojDO9YqMCBJgkq7xmvc9EU%2BMdbRT3ArNegN82ZHSkY7I0f31U2NNU%2FOVUTMsA4OFNLRuOVkPA
2024-11-29,一年一度晒家大赛,,/l?e=09d71yAve8pifmVgCwADMeSb7PNl1NQGrr2n9bhaSwz0rND%2BGfnGCjYvIObbo0Xc%2B%2BpRX0bzmKk6RHhtgoiZ5IZ0dCRBxt2Me8UOO83KWTUgWHj2jYqsa7uELr%2B5j8dxtDPOxrZqzxxs5F8hbqlNuHD3M%2F73lAfP0yQBa87cutfSsy0c4my6Oz84WmNs4YngwZSgqFA%2FdmROWhzsx4J2vF0DasjFMYEopHAjk3I1AoqNnhdhYO2Y5XVTuYcYAGYJV8TgFhriiOEPgLjlDzih8UpEGkHCx8aRlrAD
2024-11-29,A股三大指数11月收红,40.9万,/l?e=9960SYxU0WVCOhZwCsdtA8rL%2FKdy8yF83z%2FOtKkRTqblyWKYFf9Ec8Y%2BlShHj3ku4X%2F6XdfZY9qV%2FOsHIUyhrBpCqQQuaUTmBiTV52hzS7Bkl2GxQQ%2FCB4iurHtZ0xZV3copBtWfDadRY4%2FPOnbzJTd44bvjqXl6bUmK3HqL8L7chHAulu1HM5b28HoD5O5eashCq%2BQSVpEXj69xWLrOZjulWSQwyvTIZzybp5nbz2hf1XqHLE134RQhckysDmCQYlie9Lhot05iMDT9soSU4cGTf6CUioSu3gblaa%2FC
2024-11-29,澳网亚太区外卡赛,11.0万,/l?e=8770mM%2BvfgzooIi2wcwuXqmJitGsKqODjafQK8LPu90ixXRe7%2F9oYHOG3FfPw4jAZzx8Rt8PNB8Px7Vt2qzIUQFALRne9fWVDAygbs6PPepo79ao0vdrDZnZW%2FFtB9Nzye1MmWinRZwdR6%2Fb34AAfTRbzXttiCi53DUa5K%2BmNeA5f0pI30zym2d3FFwVfnzWqvhNffcVjaeFcJMMVw0OckfwEJVEh7owaTVZqIrBMQhr6FJZaTMkjReAHzZe8Ivc37vZLPKmufBF5%2BwKplMyVQ2YKPwhktjV%2FZO5
2024-11-29,龚俊城市雨夜撑伞照,23.8万,/l?e=dab1dFBa%2Fbg6RnSRv8YRq59nj%2BlcfMqnSoMH6Pbw3kT3kpv2q8kJijr0BELn4G1JyM%2FmkHZ9XNAao1UwbZ0dWC6W9vzbgZdoxZT%2BCXq7zDLdXDwICbkmwCiUMsBY09yEoPRISdIwDmH90yvZKDCIftfEMtrIPx14lb5qW4nUJ65UQW19lux%2FzVX2hNdvUOs4eb0n7FvSwr9AcIuqeDctCLJlehFOEUNBLFoPeMzty3fQ7Rg7wrsWRj0Y5KNwqbmN%2FUnqNM6J0J%2Fv0%2FlU6CzDbxmibaLDHTiSEWwSx4c%2BnOHCQ6obxmNk1drn
2024-11-29,郑思维说我在杭州等你,17.4万,/l?e=9e0d4%2B9PdYwmnP472aLJs7grRnMe6kCPtq8hq1YdrBJggBE9Y0IO7bUaPQyOSDvenXurFH8oE0JvixgEt9zvM5dkVnA41dXLbFRj3oTeQH1FORXOA3OLY6Ve%2F84Bdi8h%2BduzpiY83%2FO2GYbRXldPW3gMiX8KSq4YfY8n6XlDJi7QhSzUfEQ8ETMKZrkIJdqX2bDHt2SFMFVsoHkiLOgGVirHERzodUAnaBDt0Pr0Y6nXnVHyStq4ttKtkK23Zv%2Bge4NzaVTTAHk3OcK1jRzKgHCtbNM5u8v4y8qC0Pj5Wz5YrxfX5ozYOXyuWjY7vk54Kz9QCu1E%2Fxfv
2024-11-29,林允滑雪妆,20.6万,/l?e=a8ccEurm%2FCCxv%2BqeAaIy6f1SZXwu6Zk0hq2IMB34KCbEHI%2FF37ea6avf4RwwbcPp0uJRLAVU262BKyfPO8Gs1ITv0%2BNCBD45prtNKfOGSE65hi%2FHvhgvaoERKMnoN2ymiNjmbMbjCcz9dWV7Qg5iUrEUYUfukW2iMhc1TkWhW%2Bv1EeTUcQIB36YIYyCPJ2l2SGn5N8yU2j1mUh2uKew0%2ByT0yyudEwuEbNsEB7wc
2024-11-29,侵华日军日记曝光南京大屠杀新证,124.5万阅读 | @扬子晚报,/l?e=df16CjtgqRC%2FmJP6mRSfaLWDyx2QdgsqPGnu2t4Mx9WGlUBcEOzqOnCzmiBjEjS1D4iN5AnGHdqoBt0U%2BbPBpIDmyBEgMXpSK4gMSocPrQ6m79vrvWIBR22t6BmB39HkjOOPit5%2Fa1V48s4OGi%2F11mgou10IbOKxRBdm3cidXpdaMmwrODW8tphs4a3Qi5GcNLo9WDGWB0bPZOqaFCX6WCE8ZtttmM%2Fp%2FX84VnMNnhg%2BGtYyPQMhlLS6T6TIRJd9S4chkwRyqW%2BuMrcSkVrZ31u8VkeYNm3yml0UifhFB6Q1%2B1kTFE9LLXp620OEJxVBacnRUuCLMX0%2FsAbcBAbF4j1HFi2OQEXzlJn1BioNchU3o7YuvPHf8UrdjC4%2Byr9KB5TD%2B1fk2i0nCK5KQj7eeJclpEESwi1DNyvXzk4Giu5wYqTS
2024-11-29,国产剧奇葩婆婆又出新款了,剧集 133301,/l?e=1de8wRn69CuQgMA9msutMEXdeqMcvFYgxxFXnRqOe2CYdGGIRv3StqspWXJNLYF3LjdvE0xZqFfp2TpZnDf2TGVzis1iKmxtp%2B%2FP44Ik8twAAIpP2dUm%2BNa8h5K8ooskIgD5JeBSeUEyBJopNBgBxPNHQDIvNNyXAEQI02ocHasLDNZoPaMeCyQeG%2Bhk1DFKTfyrInOJ3c85MduuqxnzHzxqn59ZHrk2r2t640YjL3Nc5V7h6KdiFJ96BDpcIomrrfmXXnKq9gogbjoUFJPLOeLhuylOC4W3PMa0Sl0%2By88dIV2RCilJZB26fXJ30e%2BM8fhHd83hUePRPiY7vyNTQmU0PQbI03UCqgFXLf4%2BLzwStJHoTp8H
2024-11-29,为什么刑侦剧多在东北拍,16.9万,/l?e=810fuX1UpH3ARzc9uM8vYJUpeqDWFRLlYVoe%2Fw9G3bgCWN5STWVvhFbLD6UOQgV4BXtzcEa7dyf4OScL98BbpLDOK1oCR2a1csmB4ndG%2F51XM8HDNT%2FS8WObhWevLOHQMYTZV5XPrAi%2BlHQ1d%2Fpp9KzhxvLKl25VTtrJucvA3S5OcS1mIV2VKL4pX6%2FSaxBTdnQWf5eufblwkJepY81foa9%2BK6dOFhw4VKePwF%2BAB%2FdcmLtyF7yFdIrkiTIu7GvJrjWcxNWdwhs8lXfIF2fEBwFqX3aa1jWMtQ%2B%2BxKu%2FiSOHfVJZyWWK4SffaHTw7JYLz2kGvJ2xlJPufMAxGgd1%2BhJfH%2B%2Fq0Pj6
2024-11-29,周密把周芯竹买话筒的钱转给她了,20.9万,/l?e=0c3cN3j0ge9vCMfWivfEfCkt2H27y7na%2FVM3wUWsWkMvlDPgWWB4kGJcjfub34KK5eHvdkoaCmwfDBAD%2BawENI%2BxFGQ30Oefy3nC4fx409NORbwYIQKD1fXDqBHs%2Fb5tg5doLDEOceBxSpaI%2BB%2FHO%2FEQAjXjt4DlaIHhuR6XcSmdui49Y1xaWOnWLB83BlviXK8io4UyZvfdQ4jW%2FxCGzTzjrLro3O3E4Lx8igU%2FbkWsQZ0eY8A8X9ouYk8k%2FzB1EuDgtWXXjY7Cl7uW%2BFRrWexiIDcfPlu%2BaHCkPkgRd9ZLyC%2B5S7%2BxMi0OP5eIyJ6tL4GKJwvFIlVUlO4g8Mw3ncBQdDA63%2FKVXuPu3MGsO61BkFf4AGOgn5OMe35LxfsbLfxpGMbpED%2BzR44%2FUsVCUsepU4p3Qy422slfdmxTZDfkl7kd
2024-11-29,贺峻霖一路繁花数箱子,综艺 132683,/l?e=e93bf2ZGe0pYZo7k%2FtqM68YiXXJps0NHUumqHjZVdO4sXk%2B33NI9u5%2F3UvSPdUr3YKDXQ5bIvOUiw8zaW%2BGyImI4V1KaMsYiwzy5ue8lAqb8DIL51%2BT8Q9c4DvELBXpNkz5xc6%2BIM04ZQqnxoFo6Gh7mfC3hKYcNGdDnPUROJqhfsit5WSLvXqSgeQDTY7Qrfq0oMaJRINg74b5A5vLyg2rwnCj%2B9dvm%2BCnU5s1fCH2cUPm4z0helmmYFh081v4ufVvZj9ZDXXYI3jaLw3rQoWPIjbAp0sZNG2iFsAlEsjLPr2zCzEmTsm4j4RRoWjIfVL5qzdgoy9ru
2024-11-29,女子在中医诊所遭性侵医生被刑拘,18.8万,/l?e=c175P%2BcHOwAaejTmfqlZZhKZfl7iNPmfXxyTogfWfbi8qWJOcEGGIDjS2Jm5pk2vBB12hCjH98%2FjiqBd5p3Ovy8ae9%2F%2FYuIwtVw6A5qhEw8bcHkE6TJ1cWYkKGXXez0NxT%2B7MZkMdHiLFLZqr1YJluG3nGwtLYNsJ%2B%2Fu9EU33q0xgpEgQIeotEjTEmm%2Bj1BaLIWXhaegSJKsI6GBVjhv7IQorC37f7BReFKfXkyAviWVpLh%2BaodqNc%2Feeb6dJgUU9jR6pQRuZGXBE5XMRNFaMyw8HQDmTiW82o1jxTEYP4NOPaUV4d5UgqUvr3yE3CDLDaid2xzh5oSgNDq5iQ%2BX%2BlH%2FFfpp15qSqAbBeLq12%2BZ%2BXjFfO77c2Oe1RX0tOZFpNwy73dcKickj6skGIcJEhBu8NuhzZa7nQdmxoXSPUvMJUhb7
2024-11-29,印政府还在用被封杀4年的中国APP,306.0万阅读 | @观察者网,/l?e=45abduG97SPUztwRz0GHvq92NvQRFQNB8xMsv2hEYbR5kN6IeuQ22X1Ruf8L%2BhP%2FslsgkgY8cC521yz%2FGIdTSSDWiO7F%2FVzrOdCMkrM2oxcWG9wuutRWE9Qy8hMUjVDAyQzf4VE4Zz8VZXGLCFfY7K1pBHmH0JHMCV8pgoY%2F%2BAClZ8zY4Ta7%2BQzOarXcO3ZJfxuFjzGtLzTX6l4X%2BgYRQBabwA%2FLUGEUv1W0u6F0bwHhXpMmhfyw2b7gQXrsg%2BaJJKVqKMXQZz9nDKCAHODcHepSmBf%2B2swFthOmMBsrlBQw5Yyg0idIuv1Tp3q7V8ehmiuZ6oOnZjcyYkaLavOW7P3H9y95qJFxg5tk0VhCWtREDQAjwev7omLDXSBZ%2FEGAxzhYF1yHNk3PSQ
2024-11-29,韩安冉称do脸模板是赵露思,76.2万,/l?e=a19civtbcWu2FG0krFWswTGdpXKgJbVYvZcgph4uMkJAP059wU7HrEzfTUIPc37mF86o7Jdw8702zme9h9uhxfWl3vOjZC0ccdoyvijKUagsJNrqkZORtEazXqrJVOb7wt45XZ%2B7YNOapx5IAuoFCs7W%2BHCdqAurzrpbO1VX3bNCcV0XWwvWtx4DddbncoX%2Bf3yHmAG5mvxMxCkWgU3cc3C%2BRs%2FQm9gxRWqwawpUIurruQw8kOcuNc%2Frceyd0%2B9vQkwz0hTjvVCdsDQtKppNBksMWCeVF8BxxriTM09T8c0Z7ZbEMMSW4ErQiAQ7AZdIqGasXcDHbTn3vCYbMjwKKUPr1Bz4YJx9qCQ
2024-11-29,王曼昱助力亚冬会,28.0万,/l?e=8a5b13xBiiEDwLYPKCmhiyYAiM4sBgac5WFWzQcapAHk7CJF1A8d97SJnxI8EfTkknERguycZR%2Bz3SftHR9pc3BrOp%2FQtnvJB65lvHqMBpEBj0q1wbyIDOrRx3aD%2FCTFQdMAW6mjuYGBcyq%2BCmR5EjBtsxLq8tkmcZ3IoB%2BsFuEEKdneGvBTnL0V04vp9oF0TIwER8J%2FVKr7dPPwUdw8X0ctjpKeTE%2FO4SVnEBdjBjn5pa85dFcNmZygGs7%2F0xvsYTswTXC1QXIikeVi2E2IQXk38siGIPnib064
2024-11-29,小鬼拍到本智性恋心趴上了,29.7万,/l?e=acd72yZtUQ%2Fg1t1VVOY6KMd7yNIoUreoZTI26GhKyeOHWtJQP8rielOOCePX8OVHXIHyxU65CLqqAGKY5C%2FgIk%2Br7QRqueedziLzMhW4fQizY1PRf5UGBKuExgfbasYj0Ea2fPYtW9lDB1L2pFTA9K4P7MkTuZ9ZXVAPrbAJDoHC%2BGDj1QeySiOQeOu03y7r0aWuSHQNqbhTdPv005XSSp62gee8OEe95cpjvAArjFfqId1l6dzrQZ8oJuvM8dvEBvZYHc42uuT4%2F7EIdRdyR1h%2Fst8h08ZEgAphaFclsvHHqQqHrpjuwS9G%2BCLhlH8oHYfDPJWgZddk2PWQw42Dg9z%2Fj91T4ra%2BHoQfZfMyexS1I44r%2FG3c
2024-11-29,外交部回应优衣库不用新疆棉,1388.1万阅读 | @国是直通车,/l?e=09dcAkMj3YMqNKhZ1VxM89giRqgynd3kIacFyq5U%2ButuD4fq1Awb%2BAWwqm6u0%2Bkzxq9ZFZfVo7P6nzo%2BeqS2Gm%2BKPUfsGGRnB3WAokQgNPxmgNBiADYOY3bwEmISJjnuid2vFwoRhbmPjGlHtqvjBzO42ZlQ7VbmIMMIqlLNW8szPbWrgr5eqM5JGG%2Bn1GqvbRwHrNnhm99dwxvVa8AIAAep8Exn2kvPqdiazIYP4xtY1JCy1OABK1B1VsPi2gTCSB%2ByciEgj%2BwSSFmr9Ke%2Bwx3b5K0ope%2FSOngZCjjjNnl07twNbv8HDux1Nc7FKKvXKciZItufdJduEclv1DHCUfMwlYoUkx6TvD2IRqvPEuIba6p9zCQ%2Bj6Rpcyo9TosfWfArfX%2Fl
2024-11-29,李昊 活在我MP3里的歌手,11.8万,/l?e=5dd34fD86%2FXoS0zFXvXnZjNkg8qOEiNbD%2F9fKhE%2Bb9jRpJULXMrVOuWJE%2B8RHz%2Fb0SlfqwqpQnDJZLW%2BSWq97NfNcTp1xgzyvMefizTifCy%2BEF9dIyhYa9nFwkrDHNLlF9MJkGfN%2B4S8YvMsuvA0d6TEQH%2F2A7GSsD%2BRHL7DFDZT5TSlIRc%2BGN4%2F10x2kO8sBgc61USPU6LGjQyZfPVedP6iYyBaggJciiuyBSwxJ0bTch5ixPGo0sac0G27HgZu3iLUDF4AsF6toKF4lKoxE6aBBAr0Kry%2BrDGf0jBfkKWWQIglqFVPMbT9hey5%2FyqN
2024-11-29,导致胃癌的6个高危因素,2463.4万阅读 | @人民日报,/l?e=0519RaiZMcbuzIeiCUfqmfL%2Bf31um72C5vUfXXDceoHxf7p8Sx7%2FCbDYCneC1svMRWigbBJu9fybsrC6w5vGPmTZOJQ1UlHlMro50Bp1J%2FHuufa5nD%2B6%2FGMHSNQNpY8P%2F9fmZdy4V6GgD1AEwQThydn%2FbAdwki8B5xlNnmfRXenYDwZzVGiRXq31j4nwnHeBO4%2FTZ6poiZpyAMYbl30ZDlmymf52LlRc8%2BBFxYYlq97v%2Btpx9NCVelOIAmK0ka3rPVpzoCDvS1TQvwO8RQfsSrC%2FTnlR%2FbJZOcloY8LVjCZ574deBhGyWwYozAbxftStIvCKmZ6J1o1Nyg
2024-11-29,扎根中国大地赓续中华文脉厚植学术根基,,/l?e=cc339%2F%2F61VtWGSOH2eKpN4%2BP%2BfwTqtCY4V9hVXuD2QkcuJUfJRkozj0s1iXVIhze9ErUEuwIyS6UPkqCJYMKFv1sneP%2BkIfVTxO4KtcOMUtnJV9zFyzQt4XWkx1XIIZiYzp5ByAyAKLUBeYgRVhnzulB2qSZM0vnlP4gUYyPkXcTG3WykcaXGJ4Vqr2utRuLbp4S9rc%2FOvQdSvBxDKv2UqIs04EMauvBch1p0TLmAFujwYDs9MSBLzFeb1iNPCHcGkLn207DwrcIBqXyNGAHe3xbRd0s8RfKl6bHgt9ZuhawPx9yWTm4krLA17oLIrrPFctTX1T5aB7hd9s27mJSJYCSoqh3TVOhjV5pYlFgiC%2BbCT4rxodpFx7cPgucwOTsfcBVdcEyR%2FIahX9mKV7Oi%2BpgTPbR6WSaE3ahq4%2FRzCf9%2B3W%2FSrcK%2B2przJVzIu5LeVxcVZEVXcUfOcgCFQzufADbUvz1w5yg6aqgp48tStLV
2024-11-29,猎捕野猪为什么这么难,201.1万阅读 | @新京报,/l?e=3eaegH61EhBZSULhQ9ZJWTR0m7grdqQexiHt%2FZEWn%2FBgzviNZNcB9UOT0qRWAH%2BN0JASiH0oEmBvLIwhTkLh0wlkjPV34uxcyIw8RvNu6OOZzPZrQAwUF02nJ4nuUqnYcHxadWlR8h0nHNzNFSrmJ%2BZCIEmhw13CpuaTvNoQMTQtkc%2Fma%2FEdU%2FMKe%2FRpiSjJhtJXynk5Wi88XHV1jAFR95FHt3of9uk02BQgpSjdhHdy2U6TOMNFDoEctSdGret5%2FzqQZ9u072CnkyLb0jSFhq2aU6fS44LJnOC59auwm2qpm0Vqigg0kJGCqDOz%2FnYiDdDBVyXfsQ4v
2024-11-29,人民网评白夜破晓,31.4万,/l?e=e47d0IhNkobMUJ1ZlFt36RLAj9RWBpkbM0zqumbN%2FoouWrr3A%2F%2B18kH2iDSLeI1E6%2Be9tc0PE4MKQl4n9VlVuwVNj%2Bie8yZgkkvhSaBi5nGRZaJVypd8mH9DTchNUixTit3yQo%2F7scZGSn8HqlkPIkf%2FhGNQ6wRTRt%2BEsYfs6v%2F3%2F5r5Vw60TcZaZkeEvGzy1fjYyZfZJDM39IoQSMbOZ2eJWuE%2BO2TW5mn%2BPVdJ930SzbiQsI7Z%2BgpoXt%2B%2BfkDA7s37UW3krJsyimHMnAEMyKoa3KETib8gohXj
2024-11-29,春晚官博回复檀健次春晚相关,晚会 888700,/l?e=037eJuyDgS8O1K%2FzukwdHWDe78PhUTLf7JzT9ZQUoUURB8rbHLPMjvfm2j3IaETmW%2Brx%2F%2FLdmmFsCiDvZ6KweNpt%2FxtIDZbwFhjitxOHgIiX4Ymt8ia%2BdlqfMM09EY21x2ofwb2P5TyMLARF8BfY0n2flAiAy4u40u4qxR5Yn%2FzfSB9L8jKSHQ1iLSO2TwNIrnrb6mqDE5RsB9aD3FjGSwvCt%2Fb1wb4UHGPcYIi1KVOYWv9JiEl6RG9YNw48al7BDM0bz0G4V%2FgwtID7OMS1d5WO2jUL1ZGMhLkUSuYFpszdBSaRadEpFo6408iHyX2MhyizwyowELZt9NTU3Cnq5leGg%2BKarwptlPpzOECSM5fVVemJXWFnQZFuKRwqh5fd46TQq9kS
2024-11-29,悬疑片的反转应该这么拍,24.3万,/l?e=c2edX6FTAFLoDukEn6HQFFKixpcbDcCBzCU%2FBLes322RIEIknJvaSROWaL7npWh%2BhL0LrY0d%2B6PRuVbZAwwLkymRW7Pyy1tbaJgVOd4VV1MCpvmbVFcB5eZzNqek3uN9ZkNJLMI1Tgr%2FXbPPwYulDZpoNtzEyMAGjkErwDWLSRVn0w0FqvoSJhE3ju4aZJOp0jynJvPJOiN6%2FQxPhAcP4fwh2nhrN35fZw23Rtr%2FzWoSAhkJi55rWEys0UkWceI2ICe20PIyrpnz8kN0bSYH%2BYWNzTHBVawg0p1ATeZC0LDGTKw30V90HdDfzqkq8x1K7yc603Sq%2Bzb8iVgSv%2F0%2ByXlvfKW3Y6AM
2024-11-29,Baolan晒传奇杯四强队长合照,21.8万,/l?e=196cfETQi4gcRQ5raNR1phZie5u%2Bov7E1fesr%2BoZIgO1kGIlmC6MGP8rsgghHBsXuSeqP836%2BFQ7SHUWxHrtaRby65CjmFWT9zNDncMhjOmLcWA%2FKpE97C97iDENPFupQ4tFzsHSgRX9LZimNtzKa%2Fsc4yhA3WpXRUgyxJz3VwMr5xrQacwiwrePF8L49UaA3e4dEdP6khdkQQs1mBhfkc%2BzRPYQlVVm8FMMdblN4qn1cfCrqTmWQvB3KOm457J89pL2d%2BsS7jEaq12ofEbcF9lNWNaVQ2yfAP9mopYYwrIdsoBfC0wrYo2cMwYCGtmmhhY%2FLkDKzjl%2Bws2mKe7K
2024-11-29,小鬼王琳凯风尚志十一月music刊封面,13.5万,/l?e=805fWlVGdL9QoI7Td%2B%2F9pNmddDfqQYWpHTkKYnoSo5zi%2F6yRdvWuOgoF1%2FKgBqlBXSdQqcIDjqcWM%2BwJc3DECaj%2BobBaZRHUXORKNbRhg9k2yStuVdDwnqvtOFBmxSHY2V0KXybTe0FlTJPNE66ms%2B2rE%2FZB0USleIGFI3djvHlqNV9se0o%2BADk4PxZWzKY%2FkxBb%2FgPwyJNJF9QK9WVBpGH2dh4YZmLzOoHqyL88hLDYpVaUOYYKVKiIeEM2%2BWlqzgFijt4WMlSd7BX9nShY2TRqAepQCDD0t0kCN%2BPLLJeF%2BgcumAvm2kC0jk15LNm2r7yc%2FexBxSKET4NwZSS6%2FknWInnKEvus6l3IFnHJsqMFxRQfN6Kphbrr%2BhjMWLnE%2BcZcjPUqBEwy7XIm2juMp6%2BpV3o7nsNm%2FXE
2024-11-29,金玟庭演唱玉氏夫人传OST,16.6万,/l?e=1a8fksD9VOnjHPHvk1o%2FLBIViV8nH%2FxLbX9xm37ZK%2FbUOIxqxe4acdPcdC16IEvCGbptt1pzzsdOtt6onEsz0VKCsAmPkOp9vKOd5U8bbJVMZsYF0E5zL7NPjWVNszGNuzYB36aLVz9jSBbd4Ynvl54hliGk00AdleH1I341abU1DjB6MlxzUP8wlKJ1c2wQvHQH1%2FYtKZZobAD6Bx%2ByiInte7q1p2ZomFe1hLpsZpeOLveWFBA79GJOkLF9AxobYA4VsQrqIWw4X4RxlE%2FrDWRGprPbjOBUM9pCN9Vo06bbnM00BQf4p0kEFToKUjWeOEOB0jchZbbkW1ZJ
2024-11-29,打游戏一直稳是什么体验,22.1万,/l?e=8672iNN8l%2B4OwpfE5u%2F2A%2FPn%2F3RQjRoYqKUr8exlrnTzpI8ODKqWN%2Figz%2BoICDXno9yzwvJ2B9Y0st7c0J9jFNhPk33EKVmk7xC1eWpqS8WaaZoH72qQCG%2FQWpi5E2acE436fIMSQoOtg%2FAOkGbE2xd7WbfWFvsUSZ49Rm90k39HjkwC1irhWTzQdC%2BDF136JedtXXyWmlSwGs1hIMZI2AO11hLTDbXmY7Yu6welRWpzqye1oTvCOuRSJqx03thNT9xccPEiIajVmiri3jmSVY0CWv1mdE34Ertvzgh6bOWuntjN5AonPzE%2FKTVGFlFp%2B32zZ3jUA4xqWIDjuocVjD0E6nAp5tsp
2024-11-29,儿媳控告公婆未经允许在客厅安监控,281.2万阅读 | @大参考,/l?e=cb53RqP69EkcpD9QAlmJkD8wBt7RypsQ9rdrnzs02ALLYJrBS1Rb8z4dxd%2FT2XYpyH4qJz4BF7VXEd2Vu8GRh5cOahOKf6mNWRXcMNh7kBYZ2btt1wx1m4kmsNp%2BPZWtnU8WG40JxTvkl2VDhy9Vmi4K%2FHaqhMrJu%2FbY%2FZ6fNcuCczlMNQPMNHaBdcSNpMJpyQMR%2FiKOuFmKIRBWQsFjfptXhzmcsdjBKrnSk8k3zOU48zehUp7qdORZKRZhM4Sw86Dbe5JN%2BH8eJH%2FTptRR0hLnzDesfRH3D2OxYM3%2Ft7pAGVAFhdia11xMRSUlC3CEgUBUiAv5nUJua3NoacC08wZPpF2epgevY0hpYlUMGA9ekJdQuxz5d%2BXIco7ZVFSwm0TWamV7KutDVwmHEMtbWZzT5im5I9jJHp6CI4YucEf0vRicroEyjazcGx3luDLEkfd8
2024-11-29,蛇年春晚标识有什么寓意,700.0万阅读 | @央视网,/l?e=0f84NTHfFydHtP6n%2Fx3zaHZz9uEpTbje4sWpL%2BivU%2FreS3wiChi%2FsYaSf41VVIDZ4THceNWrJhbvzCahmj6MX3%2Bb2tcfiA7%2Fbpj2ChWwCxDWKqyITwd8vsHC2ZrqIbHEeNgpdmiiOW86aD2TCesM9sTV1avFEEwQJtKIqRGVHLEA2pS9WhtUx%2BPThN9so34eaLmbqSJTTeTOA2R5K7937qwMYMLYyXYg5tvGRl%2F4zgsk%2Fj4QXYG5nmkvmYeh%2B9%2BwtCVM%2Fejl5nE7y4E5ggyYOBzphE56by85LgOnz7QE8hNrMPPJiLfmQKhlXnsFe3HCAT3SZV2uKC67j0VXQpAAWBm1DVBGzwaU
2024-11-29,贺峻霖求旅行攻略,综艺 207666,/l?e=0b46qiQGDDuINRj9otQqe0GXel3M5oeVl3R6lb1eiF%2BMoRze6WYXkJjpTnf5aWMyPsweVHeEWNMhY0SCBVl9NbzrOlzF77ep%2Fe2xLcHbNPq3wkxWApWQXFvbMnQ7oaoDVtqny1gFdy8HzMPUbTA5EfcjWwzBf9w4qm7faaEj1qgOolhQnJru%2BMsfGL3G%2B4XCWjCdBDvYk9%2Fu5qirlFKvzJnEP4PRaaDeNMeuhQdZTC7R9N%2BKG2RU4kkY%2FXYFSlxxRjcWwdqM8bpfVFjjmusXQegl2CI1G0vEHI4n
2024-11-29,一降温就流感的体质怎么破,23.5万,/l?e=d675zM7HzFi%2Fga0O8q5SobKeRzBHEtz6VLjjwfpw%2BKqgTDt8vgfzwl7Fo7rYgSpA2L%2BCj1pnRC3Wq3TlYTNsL89%2BnkokeGXrt6eriOcSu%2BgqiFkgGCBC6%2Fh6ST5wgE95B1Agg9CyXaw8%2Fol7xXsmn%2BW6ehRe4S1x8rlWYTMuKVrVQGgZxUAPM9HE%2FN9%2BdIZUi7eDvdSJlpnueA4VPJvTv97V1pJgtAxvy13HoN2LeLOiK6naGIeY%2BYIGJFKo5QSzeebw%2B9jPGgxRBLrFfGua8c7VEAQ%2BZ9Olt46sg9GjfpmqBurN49gevxT4Bx3kKa6eOJCp5e6g7QzzSm2Ape2nIvrTFJi17vdJSLVIvcuQV4tWZ92Ch7Kh
2024-11-29,黑西装是杨洋的统治区,13.8万,/l?e=ac91LZL%2F0F6eJHTaoSrdt68%2BhT0%2BiMwwRnFEToCXH24yNjRjDcs8Nv4%2BrcI6Nrd374TxRd2CwM8AiyxUhWuvz8%2F%2FkGyogBXEbPzi4JWQ8Jlj5siscpv%2BcJXljGoV%2Bp09DW9i1ad%2BULk6U0C9pKiY9sOzxyd%2FRKH7sBniZLKMNnMipKi285AKBOaeZa%2B34CGN2u8iCwbhMNpVtXI0Wqf3DAcSsC88zC3DkWcHOr9h5MsDzZ1GkUOEbZddiPoEQ91Es41%2BDJVPMhxiTYH7X4pra8s0ZsSFw%2BWRLSFMyKpVdHG0A4Fqh1wkq%2BVBvlLX843NMK%2B9LUUZB7hi
2024-11-29,郑思维拥有7个世界冠军头衔,16.2万,/l?e=e525sYU%2BTlh6k%2BVb201%2F1XpHD1LLhjQBfBExA3UcIaEB8x051nl1li46HB0wvv9ni0VadaDAMGcZqaRhjeoQ%2BTLEjH6A4tSqzXx0E6scr7xiPFUCKkGccEBrY6icMVeD1AmC%2FqRmlmDItP4txPVjQ6XZTb%2FeL%2B5QtNVXi%2Ffu327DtcHSOz5m%2BVqh13cfuLInIXg7KSMfdQ8vJrhqXWjYWHEx%2BCJh9QvR7BK1Qdq20HhtjQTtKuFSGi3ahMZ2yMlk592rQDk4%2BhrUZkrTlYpQA6wYkb4QUw3b3LzC9cYld9r%2FAZ5V1VV6hkNsKnYXAllJ%2F3WtLEICjqaKAxEuwHWPUjzqIqWhUONeNdCB4qps7Z74pIwcQ0ptGw
2024-11-29,中俄第9次联合空中战略巡航,12.2万,/l?e=1059zZ8d5bZusgXbAsszhummXTjHmTpbbDosf17ifyqRCri9kXqt3oC4%2Flpijh07lS5chFmRRxwTvS3Y9ItMgbz0vqEW94gCFTr08VT8ZzErCkf29h7uyeOujq9WvSZRoABVziyKreV%2Bi4SkcTEF2ctTMXLYo2xzFs%2FJmMeqBdY%2BFqBlzQHNMaMxBzI9nYNYdhSZx4l3SWl9u%2B2quo1J5xazyzpOJykLguNEDxTO%2BZPhxhqX69LaQOb8hPK7ACrpvlZJlMmkQrgGpfcatp2UNkrYIfb0SQPhhESAAQpyC%2B85wiTloSj5AEIwaxXNf6xroqzODRPb4rI5kv8fXvt41Y8JPZaTbusJoAoit9Zg9jgZX3shuvZcrw
2024-11-29,王勉 现在是个综艺咖,综艺 111890,/l?e=0d19sUJ%2BCG%2FIVv2LpXldEcU%2B%2FmkbA3aZHS%2FaLeIPcrlGsJauN%2BUb4y10OY61xKz18ma2dTsqDG9n3PMrUHJ4msN20OUIVNYjknuCF7yrzUCCTEd3MtBWSwiASXEqPFUKcYPcWvTXWVt%2FgByHWsHDfwYG8AXObBHIV74oQ2mOjggaZ%2BIOkDBBVdjQIIQN8LeaGmJmfoPE9zbTfeAoj6CNYnGbCHEAZ%2FXWNHRha1dv%2F7Tlaep9LlIeHdJYBXu35leBG6VIDDt%2BESHoxGV8utr7zNOagt%2Biws8EURMTtx494Y2saum1YDrtb2vCXPkd
2024-11-29,官方公布冷藏车厢内8人窒息死亡详情,401.5万阅读 | @新闻晨报,/l?e=7f99Mw7oIGZ%2FhFgvuXRvABY%2FQ1o%2BG%2BoRUqrLnA%2FhcmFOoW1O7S5An6f1OZuWqWy89K9WeBtOQgLnT58%2F1PMO1e5bFxv8A%2B%2BV2c0l%2F3%2BXNCrYd4sKAlVudw%2B70pgFPsYYgQnDkZY8B7Bo6L%2BPbkwq6fq%2FwjRfiIaxQ3NSlrtJTJiv7NvDrjnZUQzELg2EwkZqavWX4aqCTxEvj0hpsDjNDhZ7Ds1FXEYZyU8EAwCyvl4MMzAHLm1uxJBzEY1bYggkfH0SewQqABiNui8h1NxU2UotDVzkCfPSNn%2B0lyi9iRtsJ5sXD7Ps3sgiXw7wShCIf6NqR0Hwr7hSiP6VQYrmi7k2Xxr4o%2BvI9WmGRhMeiVbpyIFOhLbh4M7DQ5tX2L8V3VEle6%2FC5cdgiJFdz4EcRiPS61WZ9yoFDFofek7tdCiyOkEZAFDke2KdgWp6E9%2Bd4tRVBQ
2024-11-29,欢迎进入中女造饼时代,12.6万,/l?e=20d07KxK%2FzvvfyJKjFrGJPElt0rITqhHOjYe8O8LNhbEMLrQmYOFMMD13CM%2FikWN8UkT8eH4TeHgNJvdbL%2BYUXtS4oIrg0RYs%2BtQOjToF8XGza3HEX%2BH6ztLbQFgoAR9QsK7UIQRYqWRowXGKHwOFA6z4Dpofwc287NMtYVZmtKi0%2FrdXX1VJC79UzKt2F3zXlpZZ00AhS7IuLAAu%2F%2BHWxzgaJcoW1f5I0VWN3CUrqTtI8tygTZekiNl4ucKRRvBowXSgn9Waai54ISxjVCMxt%2Fpw8zVjXDplbdpdXAezP7ty5fvTjgAHLpWjvLWd6sltnK2Y5y7QNp6
2024-11-29,中国游客在马尔代夫潜水遭鲨鱼咬头,21.5万,/l?e=f58fx7wfqX7w5d%2BS1DUgig25fyzpZB7xbufeaRPgngxQWjVwmX5QU%2BxcoCxFfzc2vuCcvQGug3bLB1b9JG0livyTEuPzWjz5bIzrK7WMNiOYu4ARTcJw0tRw5lZ%2FzEaFrS0M3pnfl1DaEHw88tdlY3Teta%2B7sjdvzFuDNvigXzM7CIZuUc4NrvVO8V3lL40C6VggNtPEImoDbBuMyLx%2F0rEjka6oCxPQaQZvva0%2FXeG2Iy8sA3x%2FDTFnMIYS3c098O1zJHty362hxBOvkDiJhW4PjvRgFnIIBPjyzR2OH6jVCCaJb42z1FUFnCia1xqaHP5Q7A%2Fml1%2BYFuNMqg9iyJfXwiXkuU30Cxzabu6mwiuotScPUoFDOGe9RMjT0BFUb8FAoJXOnkFtvuBOGUWIUOvzbjnZ0U0ZOUwvroLckwC%2FXyrLeejzUun7%2BeL1otaVxFFx
2024-11-29,侵华日军日记描述南京尸体如山,455.0万阅读 | @央视新闻,/l?e=84e0IrZK8myS9Xe83qaje8cWg%2FGXZmanVm2fl7vDfvjEDewhKpX1qOCIcsKUPD%2Bx5aEIm%2FITTwQ2DIUE9g8V%2BzJ5blr582LPaNAkg06jWw2qJ%2BvW8VRjCoq9v%2FZHrDtv%2BHVkp%2FqEPClFA88mAmALwrF%2Bb1PhaxIyyfBXB0m6yGppGTQyES5hIx5uwKDot%2B2oGGE6DUIP5hW3FNzjMqVsWL24YOv3NAsj5vEhwuzWqy5PJQslr6paSF5KmH%2Ff9EC7E%2B4HLDPCSdXK6AcaXD6u2q78KElSx2Uh5HbFL4q9xmLDAITRDhPlXO6leMJ2RJcbJ5b6NRye0qTCbwwjbNbRb8aBHwHBdIj%2FNPFT3jfP05lJOHRKMb%2BwsH1ziiGo%2BbNJVarLdq9%2FbUZr7AoHhoKCXnLcH5cW
2024-11-29,古巨基钻石败犬live首秀,演出 134988,/l?e=c94eB8I%2BgOmYLFzoMmnW1bR7UIEsf%2Fb6nH5%2FaJxnxGMF9D%2FYuIi%2FGcSW2YRK5tJkMi5YRLp3lEVvddkCJB4HIr1U22Lm2Xwm03l%2F6Vv7V3MtfMuOYVphhpXRX%2BpfDalxwYOybnpt6%2BwOxJvUg5ZbDrxWPBwmocPCXGr0QEk8cDmupheQpAY3%2FMR0kZ5cBO%2FyzPAjejOa5zg%2FqL9%2BRRsaxp131AqonBHTCIuQbL7Z0GOyqMlpy4T%2BoOcldBeqOh5o45TpWsLOkSHT2U3YyP6EaNtoO8c4M%2BR21nOn4vaUPN8Ftm%2BxoReF5hjMJVwlbQ
2024-11-29,巴黎世家售出8天后要顾客补1147元,66.9万,/l?e=645d%2BAbuLnEIXT2qGwpByAu8ysPRQDb3Gm8WsHnQ7FvnbOzzX0i5nZewZD2Fhj0HvLldiF5RgqlczH7VG2L1Yk35auGh5qn2NIeI%2B81N9mZhXklTOYtmky3ifWw3iaeAw0l5cXgOPlW1aZ9DeiiWftoAmpZiuIeDgbiVJ0RPA1MJfrzOAAMqoicvY51%2BBgoBKXTbTRGDZzvWQPVmpwRFwH4xi4I%2Bw%2Foi7agxFx1C3VtNcAHUV3qgNJYQQUr4QKMkCeD%2BiNkCEiZVns1hJ%2BRmmEwGvvwF1xrIgiYtAJrbFOAJjqvcmhiXLmNn1EE9Cv7l26tQ22sRNwVlj%2FrIDbIP2GqjMopzTAiTBx4gXhdij5yiFB8zkDa7BXXAqNdCpcem4W6FoZMEAW4nt6s
2024-11-29,虞书欣丁禹兮意林少年版,剧集 137691,/l?e=9377YTupeY0N0XiRjNV8jFqdorqhMewK5Km%2BNzDyPKOwK1ODdDxuLL3ROfpO5h5CZcALV7rz91nr6d65ai%2FLCyTvMsWXdYaQ9nIeghHUjhgbicKuAQPxWjKPHvtX6QvnfUc4KyU0dMAOV%2B78lZ2os%2BjVUOzc6Pc0LPL6o1N7sXoRt5fYkio6gngMZUaECeWsHr7EWbgM3VyoLKa74gcwcne34zrpvPealuA%2BR4J2bPqrk0V6u2FjzJiikEkgcIBUsqwTUaz%2BYekQIpQ1kae0O18X1oQSyw6b6GoOtUBRJmcrNBe8Hx41S0l2v0Edw5TX5ssSLxOcUUJcHryYYhnNy6dvsk5njOY3
2024-11-29,TES官宣Meiko离队,12.9万,/l?e=ed1e7Woj2tYRqQqiw3uH2f0PCG2qTha31wpLhPu7%2F36IhL1javX7RK58x%2FqMOaEFauMeyjBYHgLYcWdXSiuLx7m6IYNUrLcSNz5d%2FxD17BQiMt%2BF5sUZiDeZNXPFNsgXk7WagKCNnoNT%2Bq775EBsvwu6huj%2BT0E9epLSdjp9CcOqPowyWGSi%2FLLi7BuddwIJ%2B8f0gmovELATw%2BitxD6OlN5vou2f2LI
2024-11-29,唐嫣灰紫发色,音乐 110851,/l?e=57c5ZliC0CznBxGslP5Vrv%2FXyDbuDqPozdiV7q7gZlGS25dz18bHyFum%2BwgS6y9tRbG%2F4BhGO8yh3LK9VFQb8fUU%2FAOpjQvffpe2hTW4%2BCHKr1phYuB9xJDZqRWx2jT6D3V8jiRkbV7JBCX0dw3mtp3q3%2BoZAAqDVs93jdrLiJ%2BbWvYLgTrn4lONRwO4EKh6VB6csIRNSDBetVSSxfLRVg1JtB%2Fp9GUgSaKvqM35ksEyc5MKdvmeVZeqynf0
2024-11-29,韩国人的精致穷,40.6万,/l?e=06ecgfVB0kHBz65TptjvHi737UdghXLAomHuiekYVt6kOifcuIUQ7B8rOItHXSqGZ%2F4IAU60ATshstfj5k5WQoD0Crm0hlPOdiLFxN%2BhfKGFyaDhDeIoxzuFoiTmWAQqDGIgV9fxvuFCz10kL6dvj2m5l62JyRDlYJ9D6D7R0u5OXwejzKD2M%2BP8SBy8rNP%2FCnhfci7em5b13rGIv0QU%2Bp2ReRQokErZ3ixiJ6bYV08VF37t6XOU%2BWTnsi9V6%2FnzKDFWZTUxrUZaj%2Bcz
2024-11-29,林一长沙活动取消,20.1万,/l?e=7f65774Dw4ydE250o9YE%2FTgVvG9DtAfkn9R2LbyY3%2Fbx8vxltJk6Fv9WW0phW%2FeH1TKPFFm%2B9GqOyuYvnEly6ECQw6MKtyZis9wULX5J9pX2eCSBR53QJkBh8SDhGWwb4mkgfPnqCpr%2FOgn%2FMe%2BlescyJ%2Fs7sDJFZZ50EJ8%2FTmY8exAeZvUInZ%2BiNusM7Qh5IvaB4g8SLInOQZ2LcKhxe8grg7E1BdKSDLH6ibi%2BtCyc6Ju4lkLXSY7FzcSizJp2RgPsAWSP6bUuMSle6QqZg5k%2B893ZdwHsOalw
2024-11-29,年轻人买的水果半数是情感商品,14.2万,/l?e=da89NGqYQMsx13rMNDoscLbwb27D5sQiYh6NUTHZkZJYfoLjqec6suu94h132UeBEomisg5GYtvhk4oLmvsXYgnHkzmyAOSOYeJ%2F%2BjXt8xQOkiWQ65fcszOOdwsQbrQVVaIojk2QhX62Ls7W3gur%2BQpEsPsRGNtYoRiK0VuTSthYgvnFnIN03VsP%2F4bnZO%2FvWOElWrbS9AS5w%2FvNXX6YgThSy7vRZHDBcO%2BlsV7J%2Beq1BB9aqUBkeSKPsqbvp952wE1QLfF0tp7wRMhjWpgZ9jDApklOmB6fMt1%2FModO02ssvExNyTZbxtkZLW2cKU4pHV0Z5OE3TPtMMnLu%2FI59AmqKuTOzsmxgPPOO16GWWdhQvOCYAT8Mnlw0hUff51EpPXWeTEEoGd8tlu06JpVAq3mljTSR
2024-11-29,林一霸王茶姬活动,13.0万,/l?e=222a%2BrKHvXqq7KYNIwH9Zwe90rFw3eCvl2pFtTIIOUGYVNRK8jXgXG11EwJMIfMitMBmn73cWVuIqucIo2qQsvyPbsdGvRjfImPq0%2B9qqD3i%2BGi6iFm2x1yyeCjzbkT7wuwsardV0ntNSmquzv6zMZmJCiQCaO2pfX%2FTvrt02h%2BD3GChV5KMn0ElgitW6%2BLDRsVh39fUbd2zeTD6mB%2BjEKx9MI0A6JwXz9mc%2BboFx5YWtmDaxKUDkDLeHzTkTUhKIC6a28fyhw9VuCRPDllMyR0I%2FGmYte7WGgkh
2024-11-29,侯明昊无处安放的手,11.7万,/l?e=dc7a8Hf%2Fl%2BKuDdh8f4AtzW3IPbwZctS2N1xdNMe43NfH7tIGOaD3MUfP7u3%2F5jC9M3cqRAvXm0W%2F38XxUdOO%2FgfJj0bVOUL%2BKdY9kVmGFdn6JmeYYTumOowjB3RSf4vaCupxAxDEl06pj3htuULUprHObM977IIEpeMVjfAvwzgzrQyQsw5B%2BoKLUPQq38TxFs%2B03MSOTdr3pYx1JutD3P2VGDDT5EJZhsEsNXZZo763TiEdPm7eNTc91mmcF0Dbl%2BnKss8r3RYTlBGVrPUYg%2BPREtSR5%2B%2BVd27kW05FS5ET%2Fi7DvHfE%2BUv0
2024-11-29,上海体博会真的太好逛了,12.5万,/l?e=b5d7EoWk7IEAyoOvJxdNyT0Bkov%2BNFb1E%2BZYcbxssZMzIDv8loQbZLvEl63evgvWn%2FYkkZeC4Df7Jdmq1vtqRFnzgXykKs05OIsalMPK3ABOVfxhfdXWIjwHHtcyvT3pUbcBxIkOpkB7L5XHxc9zYmzZRF8Qr141%2FmSTNOBGOzprF2RqExBaeCVoufRQztp5Lb1enccilQUnQlzLTxWlAtgvRa%2BEbAFRtbjA%2BudxqoNe12EdGcGFyVcyfSNxIyvtDXdO6ojS1MKhJ1%2FBCT7dDNL87iioZisgSTqjgSxvHIi7g1%2BJqsb9sERis%2B7zy8RiKpNqpCnhGLhI%2Fzf5d%2B0g1lnBwpwzx96k
2024-11-29,容祖儿心淡全场大合唱,综艺 134258,/l?e=0dd7zTyxRFw3i4ye8mzbfBxjpBqceVIh6pVpUbtKgmdz4ZZSGBWnuUC39obG7GP178MR9bpSrb7M%2FmPFstkcCmxbt5WmVLzNKmO%2FwtAFKGW8daolIrcP9Zlw%2FFdiWXA%2Bdod3ASdgR4%2BfFVUf6HlNLrOhw%2BDZW%2FGycT47HGxm%2BHjIij4Sd1fFAaomGcaMLZ9%2FklSJxDfXWp2fM3y1qmyhyh56HfUYhGSQzHyOsdgT0L3sLTs1NwHjrOByz0IgQn9QnsyE6B%2BCM7hBFYoIUlSokwB7vwZDI%2FLXg4mWl7BX8ZmheW6zj5zBUxNlkF9cZNRwS3QG78xx2hpX
2024-11-29,王源头像P了个新帽子,17.3万,/l?e=587bpQRZZzmsPB0PkO%2F4%2BQGA8GrdwuCHyaqwaWkZ4dzd50UxGlcE1sWFgt3MO8RbsJDB%2BlS%2FiyXlCm166MNiqAnLYREZcpof9gp5qWmTTpK3JLXlj8FIwWoytGsXco8y%2B2Pctu%2FN62FNtp6TqNM4t5noJekfV1qTEtf37wfwLyBZxnbo9szGaTXmnBtcTvR1jti62TCJQeveFGtBuL%2BW8Zj472hirM2ESZRME%2BCoBQtQoPaqttUHwbkLziS8QO68q9eWBa6KlWRAvP%2Bz9PIR1uJ0MR1NFyQln3BqWJHejA6yTbHWFFBqKvrHgQ
2024-11-29,再见爱人4第七期视频没了,综艺 334653,/l?e=5e69IlqlGi9%2B3p1y0htAHRs3cFu0PvFepRwZ9A8ySAcV6KWClN0PT%2BzZ4lBr7j4q7YLr94VBJ0G%2B1rjk7Eq1VFikuKGpQEy2dUVA%2BVx79a%2F7lafHH6OFWIDQyDRZvkbEfmiQp8l2i6dN%2BwLjXPN9KWxqF1NF1egzGAxd2J9jcegJibHRIeUdHyaPxhjAHATmWf%2FVMQ17rqGwvvkqlKIdSYKxNSiyW4iraHA3MQh5EPa1loFcSOaH9TOpnox3xthwrOIuLrReBqTQmC%2FEygiPOHkZi%2BIqOF%2B0BZ7KMDM0qCl0Xxl%2B88F839gUVt3dbJTE17bmPUMI0kCl1v7DhasGd6D7AuVfX1Co0g
2024-11-29,优衣库创始人言论争议,19.0万,/l?e=3584AJtvnBt3YrqRM1fx583grFP%2FrZjVyecQ7YWqVDQfUkl9xphRDWd2hbbv45GQt0oIQXBqny%2FXUXKKYXpPZATch4taijRhXCA333efqYMvkyezxpBGKvImLq8XPZSRvh8Xnyl2xQcaGbrkdhSzEAjL2j2AxDP8HAmy0kMXgzWx66eCu5jB1iO3JTvoSwOG8WDCfC%2Bq3%2BceFa%2Fm7DCh2%2FsQNVICrSF6h%2FmDsNnfWXYXtdyGGgsvHpNsMhg7y%2BlJHh92xEm2qYDLTXjWsSiXNW2KHaYCmzGuqcQIIgYRqAybLc3%2FADuNclHcKfxUSa0PkXuqjWCRrSnn
2024-11-29,丁禹兮看人深情是因为六百度近视,综艺 132684,/l?e=f30fFmxxtnhwcALGC40bZL6wc6%2BliJ0eOTZxOot7SdLJB8UXnWBYZkh6cMJt78Mv0CRMffaghHLQIEM7vnDAA3RqAMBBSezsOIqfmgeiOrgBOYz9XoS1IOLVwcn73dk%2FOp6M5DQLWQ%2F1nVk5zE%2BX4tE6uzrX9bAoeYZ6NFwy8WTn1veYIQHGcRApJjUXtdjHlq%2Bbi1U%2BL5rVUI6j5%2Bhs5GivsV2rIRBE5SAvvs03MD9r0bROZYSZAdKQj6UWWyuAZqNvR82vyko0NH7P5a%2BMQCGBBLqzdLf60kXYd2Xd4r4hwhoYWMwuGy5fzOgThCQAnfZQSIgmDu9QqYXdJqZvhjldBQ3LD8XFeNlshsXtFHZWCp0fx39oDp3V4eb95Oc4ozLcEOQPUrsHzvk%2BJP%2FPWlhiTaSNnfLpH6eR5ji5LLrry2QO
2024-11-29,奥斯卡宁荣荣 新还珠格格,剧集 123615,/l?e=cec3xXRFNJ5qsW%2BpdWSnm3ObdxqXMfT3N5ng23UANMxqb5OGSR%2BCuVcR7Ww0sJwQQsLdAqpk970f9vE0HBX4B80iK%2Fev3H7kxxAxALsiKXQKa6RZMTXjpxn81GHKiMNs%2FokROydS7Bh8fGXjj%2Bi7Hc%2FR%2Flv1thbGFTaF%2BV4Y5DaMjJIgIb53Ofkbtk1ApfF33IF8moYDLtwlh3GKtVl%2BRJo9w54DDQJ7FvUPnB0nBDKAWzVipU0tjIjFlfsnPY8DDyv3CjIMjhMMYSsoWZoOFsWoeiAWvdFHjPIFo5ANmikwE2rbeIF%2FI%2BvYRO6xC40YcVXzBnNiuPenJNWk93WBlZUfYXA%2FLsrRruAX
2024-11-29,丁禹兮 包治百病,15.1万,/l?e=6cec3UWyVaE2fgnTEVpX6k51b80UkdHt5Y11sKGB2l4GQwwtboVN3%2Fgq8oMzkDbvGoYPfBIdS3EEh2pqoZtbaXQ6O7WukyRXdFPV4es1DFtlQ64fRxWBQu96rGvlvPea8i7jFIuHHgrvVc7%2FBqYFlZ2vNBVAgZl7HQgYBpW2hjopuqkTiCAtOeFuenun8v7xKsqO1mgRJdqqCG6h%2Bp%2B6D9YH2w8DKOZ7dI63HEmfxsCr5B7idehMrx2LFMcKBCcZ%2BWWowPVWpu7dhA7yVn2x
2024-11-29,孩童被未拴绳狗咬21天主人未现身,297.3万阅读 | @百姓关注,/l?e=6ac6JDXxQOgu7KFuiS0Tz9hLTikKdxyocMrjKS55YLjPVuNe4Xoa9HiKvdjQxNmaoQEN%2Ffo%2BVwE2lQat8TqkgUoN4NPjsQbi5yS2ZnYTB8NJPfRwazzOy1jdxFNmSBYAtfUnkVKxzJv02C%2FOO%2FEBx8MHbwVZYvg9%2Fh33x3xOPoeEXQWvi8jzM4YIg%2FHW%2FQF6eGWx0NxmrBjr5W2TovAFEgzD3hd0McD57NpaPbB7V2eEWTSZXDvwUHP3Om6vaz%2B%2B71M%2BHqeddOz84O0ngn%2FE1igmWGF5oQRxtOG0mVN1r0Bd9aSRIh2HaKU%2BC8HnqwQbWJRevlo%2FOvfkPKFaitJBt3c%2Fe8sCGLjm3J%2BPNRIaqQpKJMnid358kI4WpaparucLm3UF%2BDoPlBYPRyNBm6AFr0mOna1RjH0
2024-11-29,MRC对战GW,13.3万,/l?e=9f29nMswz3pVsD%2F9DUQpheYxGYEuB6yaRkdEZYqM1UzFdMsYMqCHE2%2FxZBdJ1%2FhIXEYwVzrzVNybUAMBk8YJF9Jy7lCQDco5Vzmmeg67lsO9n1ZiCVxOnl3236TMlA4VBYdHWLvMQTDAX9ddP81aq%2BLbXtqgB7e13ywM1Xxa7%2BftrHDG3CI
2024-11-29,有毛利兰陪伴的夏天和秋天,18.0万,/l?e=35ffK4HM4z%2FPcuXJThic4buF6OPFXXElJZ6JFDvm39KrTEm9RQtJP38MUntcG7GuiND3NRIYEb15eHG7dgIDaP7DMzWB7rJ8yKJxdVwfs6EbcDwGT6xw2tlMCPLhDJrmRrv6UP1PSWv5lapmnH%2F2DFm27TQPXXlk2%2FaY2giHFskeUlWpn5PVOU1w981x8bN4nyLRI8JizDuWRM6HJMN60K5IL0iGrnKOYinhaV7i1aSWbqQ9VXNL9Vy25IUoH3V6UczUSVbRuK5EF4Q4GKrFD%2F%2BlvrC5m%2BCKlQCmVUJIqHvRzqnQmUJNw%2B4ob%2BRXg%2FW00XJqGdy7bjmUhyH5HKQHcA%2Bys%2FJzZfdDi9uG%2Fz62qNDRuVFjdgGj
2024-11-29,南宁一家长称15岁女儿孕期被砍伤,11.7万,/l?e=2d8d5Ppn8ykJbh0%2BQ%2BFcKyUOA4WxRLjwRf6a8YkU7PaKL5GeghKwZ8Qjb02S1tc%2BYPf8BIFNxqS05hN%2FTDJwsX6P%2FgHrHklpWhOY1QAZaSGGSvo3ax4If3M16EnnrrpPIRBRp5jRHjDnSXeOto7C0tkCUQvp%2B7s3anY85qBZ5%2FwrWYHZJBXrk5hU%2B7xktRxgu7VOKQT1lux7PsiI74ZWFNwtrx2rOFjPs7Xp3%2B9MxNcRz90V%2Br5e4sFtHGBFLFvEpQCnwEkGU88NRLf7E%2BpFJ26T3nuTnUCouh0trc3acGbMAPQyvYLXll0zERXKqXgCnA%2BVt5inOdfrRXDHgGT7IT9AC570bLXCf%2BtgkeUdVieibpOsBVQwVxKBn9cv%2FzhcLS7lqcufwqpKCnVofi6QI6WTc1UfJ0U
2024-11-29,杨子黄圣依 人设,综艺 110717,/l?e=0a3cmntGt%2FRqZkd7PV03tKElDY%2B0RSOLire%2FcVjXEZ7eeEoPaCFV%2FDTyMY3POJxd5ggYtdKi3KLAnuFduvKU9dIYm4fXMg%2BNILS1evJ%2BZvowSeizu7vdKFUYXP1TaCYcX6hT17NFYW4EADiFwfYbkhecNbfYpMCL5qyxOIAjTCHKQ2TFCDB3147Q9U9bc672L2HicNHp2Befdw5A%2B2evYZWDHhxqgHCTz%2FzExalXnGjVfSZRvYBaQIKuxFP4qo5cdMOTOEaXUOsP8la%2BsZWa
2024-11-29,张予曦 初生天使,剧集 127019,/l?e=5fb5JUV0JCHZ01Vhx4KONvw3A9K9QUKqiPIURx5CSrMTZaWct%2FZHOmTbC3CRQcU3xv12QsQEnMYtGbH%2BqmNs4P9msn6YLz7fZ7eiVylEr7%2B1WQ0UsoI%2BrPCkqQ3uzPw7jijZ%2BLNUwBG4PHwtQc9i5WZiv3w2R6NSJ4Lw5h6rRxKyWtIVlxlp7SJqLia%2Bq2uxD%2BFBj1Kr4cUGFWx7jtqxhjwEkm3pyQKSpT%2FKPbg7FLDIx13L07jts6un0YPae%2FrBxAAJ8CI3fAjM%2BGP0bIxJ
2024-11-29,3人1分钟抢劫金店价值千万财物,15.1万,/l?e=d7d5lG5D6tlPwqOUrVp6jgdj2WwFiDtYOuFqKVYqu%2B%2FgYizdXFpXEKOsaUvKSH3TesYs5xfoPYZuVzYqsDuCqQUfNqlTrflW4yvzxllsdYaJNxWnI1UL122qR0j%2FQfomSQDEtsCIpHlMuTa93KgfFhiaDKWEgHTYBjnl6Yn3VoVLKsfj4jkQ3A1OEnOkdHEVFkTk42s87m%2Fwt3ml61VN5LdOtEVNbNL7QkHPtPdvFrxeCLKk13nkE3Q7me4RmOOSWEr%2FLQjSGS%2FoBwqreORMduk%2FLGG1UDBmbllL4oYmu%2FpSGsIWfZyEaFTAUmT8xx4dg5jSosATIe2SQzuyyuPLexO5JK%2B85%2BEcD0JeCokXPN0ZZnMr9g4EeolVXqMY9vNcL03BeXa2YWg
2024-11-29,派出所回应山东一金店被抢,721.0万阅读 | @大象新闻,/l?e=6c39rja9V6zi2PiKNGVL4L5cLYBKuu06xEink%2BWJDF8%2FiNQFemXDk%2Fxx%2BOxglR52OZPcJ23n%2FRcaNG2msHOYwh4zCNs3t9mBmjYg3zx8V0ztAgEf7dqnsY9VI1MoGvxcguxA9Ygs1c7VNfPz7CUOfAsmVBI9%2FEbAnQE8NhmjkMlH3nbfsWJMjO8wU9zzXjq2uXi5rz1728YjuuMTCkG4%2BMGqsBAzXwCUzgOdJVjGsO4m9rBp7jGeTYZTTurLDtDxanq7Ynrhqk%2B0mtiDJbaPu2v8vBdaV0lUoYNMzq0%2FLEdHNZoeaDh62Ux7uQr3TLHaYLJyPhSrUUy2irJcFDhXLm6WUBYlOFdRPFy%2BbNIXHg6qUGSB0iAY
2024-11-29,珠海户籍居民可一周去一次澳门,1021.5万阅读 | @珠海特区报,/l?e=c53bX4iHdheDGJDN067BqlS4667hhVNWFsi9ZqQxhD3tdjeSfGGXvo5xRqLU91iywGM4cVmXsVSZ8vAkzhOHVfHF%2FGQSOTkNclvVFuIT33E8%2B1qoiLaHanjvvBWJFGzgMYSKnQILUA226%2FUUvBCrnj6eKTShu7jn%2BOPNS9TiWuzGnnWspzY5CC9v039mZQ%2Fm5bqXwsPKQ74aq22G3wwjFdJfDnWPirkJxg4iUdCPGpr6eMulNdXCppPng4w5JvC%2By19bIbnhL3GJ8Rb5jQabtrNUpXD0uL0e2fxpLR25vHzxYERFySYCchSA2wSoAHgxQtBCZYKKsG5wdGS3N3GrZJK5HHuXn6wez4tvdjLBAzgIslAeFlBsuEqulZuRRH%2BRQoagt0Uxpheqv%2B00Iuk6f8Uic2hZ
2024-11-29,蓝天救援队辟谣外卖小哥海上送外卖,,/l?e=e648IKLTT6eMkHD5fnGpD9icuh7mCH%2B0qZTXr89kYqJdh43KDG%2B320LKQdq6z9Y9Tgnn8ii8FXjb%2BY4sLurFWnmemvQc2roQlPO5VRIrcmK58yLlM50K0HKEwYMnfrPC8c7Af9hI84BvA1NDvTrgFpLdxQtlgQZcSU8Ur193DoPHrABJe7AlnrqM%2B1JqQhpNhU15aqVjLl3sklZGkKPM%2BklqR4ImeNVIC7JyNZQ4TKyvq4KAPVFGATZPUfcb2C67d3NpcfvcGaPFd%2FxsyPiM48LUz047wDza2s1Az1c0Hj20PpdqYPHIBSQHZ0twKowft2ZrkJT5IZcginIPNLR3pUidJ%2Fc0vNWoUq08RNYe%2BIgpEJlGiD97Vp2fswAt7Ao3xTdn4XKhAHG4tjndZ0JhMtnYkX5wfGMiASYhgujhHmkvyl23pWlDBSN0kO3nqQkTwT5M
2024-11-29,卫兰她整晚在写信,综艺 136195,/l?e=48bay2JFP%2FQEVHEr5SEoEhv1PCwDzBUOQ1%2FJIFo3Cy6kOq4OQkM0g1LIZF%2BP7ec1rCHPKKSlqw%2BkgQLrB%2BnfQwdL%2FbR6sYjsf4TiwHBcCjjkBHL4cxc%2F7R5R92w6OzgfgIILviz80rHLrVmOYJmd1JYmKXCIP2OHmtwXYcFZMixuzNcg6FSIa8RHndm6dZoJTPozo9A3uD%2B6BG%2FXCFaRj46vnwHaMGB3ePDd22FmFzBW9jv2FjIn0BifKkAHx7DxN5ppc2iMg9bX%2B%2B5u6i5LXdksuwd1EFBOawOQ
2024-11-29,鹿晗好拽,37.6万,/l?e=4e3frFUrlx5R4OPAc6AUVFdMJEID7BgiQcWXRg6OlL7So7FkIDKglxT83fz1OHi6hlEojMkk6N76az%2F5E4ft4Ws0GHf9AwNIs%2FYU9nQHslwRMdcVPV%2Fw%2B664jDNjgIhcoQ4BRVa%2FrEZXWstJAMY96ErbuYdpA2pcAwVKgpEox2BfkFvhAM%2BVtfLaTuE42Be%2F2QNh%2BVnwXrXl%2BRK3bfe3
2024-11-29,108是法考生的幸运数,16.0万,/l?e=7502jGDQy5AdcHHONUdBocJuSssD5Rx80L24ihaQVUeoRnC6zXkrnxUS86ecPM4WCeENxQZ1Kynxb2cqje%2FoDJKOTtZ840k0Lp3crqxEInH7pCy06MLFS3aZ293rjpK38zKkRit2HbYQsqgLN9Z0clmr7Rb7FQ6ni4SeBK2WtL%2B5607UqtCtzfJreol45f31z9qlGNy5xNGWgLQSSU0uAJpm%2B78y60PPxZYkW1L5fAgKf1L3bJxmjta2cUXn7vIWRY7hZUY1ujeQp4kDYq8FGVBJHNtCUpuQDIjHNNTa
2024-11-29,NewJeans解约发布会后首现身,16.5万,/l?e=3e12UUFWfxf8PAbXI3Ae1o%2FTr7yjhyGIK1qZx7sk7lBIPEmM3%2BmzcP8WwE57iy3uidBmc4u0mdMqM1aPANfvRsH4JVLT1pz8XY1y3h%2FTzcHGEIuP7NbGZy6p9%2Fsc5SC5GxoEHA%2BKP2IOtNkvPMhDuHaQOVZv6GDPmtetlMlTXqDinkyx7VGdh9uKyevSrwEHg%2F85%2BJCNILkVsaVrIlREXpF%2BJWB4Wfk8XE5tJLLvapKl0KS65HQVG7TxNeKWEHtCtVTTOCx0JGQKdxTbMWt8HcJGdsGrAZXZr7FkMW%2Fokzkd%2FuWWTKnE8NepmeJfxtKFQSk
2024-11-29,唐嫣COSMO文艺女主大片,16.5万,/l?e=7a63iQ7qN7baLh7TgSx5i5YWeq0jMxgeJrx9zrX8zFrzoBkziIKwr9m8iPMvwdqYTPG3lEQ2C3Hlj68mfwCvCAiPJiA7OyUglpnTu2rSK68VOm7dWblalXsEGGU3dFwzr09uGXlEflIzKHBjG3NhcQOqAdjJCiskLOA6OHek416fScdjScZIwDWnIQ8OVVPR03hEt2cO4RYwwtJiurXSQR7XrkgMRsRcyY2wqst63Uc2SrLKjTpBCkjcn%2F1%2F7cCdMLoQOqQpZ1sl%2BZnnPn%2BjD7AjJX1%2F4D1BtpmteEcY4ec
2024-11-29,何洁时隔十年再唱rap,综艺 181138,/l?e=e3edwJvgDucexfQY2XJFShAfsJYv22CYNGVao5yD7KHG4sJXyMsybDh8DxBEtq%2BqKMV7guqNXMqqJECTsDCulzPS5%2FxVqbxPkxgVL7rIeMKJX%2B0ykkuOqgmQSyUrVdHRY3dOeAKQKZ0X0OY15C%2Fqb6yoCBT8N852P9HFWd0RZeLNsFsrwP7eEjesrGJP9Xg5PtbSSm0T76%2BCSvRgG%2BsOOcVOvRug%2FZS3kkiDevTAJmVV8lwzVQ7XIxsFRyy3etLbp4VaPGzHvGLs6BzHpotja%2BxktGdmqZUBES4MNPd7
2024-11-29,古巨基cue宋亚轩,19.6万,/l?e=084860bDiA4N874EJcpWPqgBVY5BX6kRqj5ZGk%2F533Vidz%2Bs65nVc5V%2FJV6WDNxwR6A0XlzF5cIvxakBi5w3ZKdBct50wsV1xMHX3k1OfAh%2FL5JS2Urrs484nZnwYMgAe%2FD1LC95l8KODhdhhOJBkIPWMOuIbSIKoz1Ylk5UrFkQuiz7nPZeYev0qVj%2FQGVH%2Bht1j51Zjmon5fB%2FMCKymVD4QHkBhpOZqKZegqQihvS3ZZJoBXk0YIsV77Iy4ZEv
2024-11-29,WBG官宣Crisp离队,12.6万,/l?e=56157j3r1guHXhc8yvYiR6VvGtLkJ4%2FXjmWmXuOPwf9cC5nKRN69mc5hsVXzgumxtXW6WptKppMeu5pfgJga%2Fih6tJmg9fxOxNGnvDu29Wy%2FQiulZm%2F%2FCHKRIxqHqn9lq3gXVpEgOuUzGqId6hYKw6WK3gTftP9ECLbdBiLZvabCFJk390N0t0vUNS0PbRfWXrxLvJWWS3nFr%2FTbytDMFaLqiNtGOeM
2024-11-29,11点05分是郑思维进国家队时间,14.3万,/l?e=2208XOVr7zFGwOYtG6qnQPeLqxA1xWka%2BVLaS3moRw7twnAZ9aZ57P1%2Fdai6OIRt%2F83i%2BJBNUAkFyjBQZFlfvFBajR5WE%2FI5gQmDOnDxKdUl5lt4UUxje0xYo3UzoKQB06u493R%2FeqZdOGENCzCefShQbMeEz4cWiJeEHyHwT%2FzZia97M%2FCzx7DoX9KTG0LDgetRf404wVYfaqABrt5yicZAFqPSA8QRqGDYNeXuRo%2BBaIXewufA0JnnjanQ1620M2AsJHPQLyRGEdaSphi1xx26JEIqtLoBRYuguHFmvw%2FxGi9o1I%2B0Sc9aCtESY5tP9JJd7RNeLSAAduNa4UPjNQHRMI2ZrpITKKxtnaEn0ceRTnBCACqhFFz5%2BA
2024-11-29,黄雅琼回应郑思维退出国际赛场,30.2万,/l?e=05bdb8uktQJ4PM%2Bq2WRMZ0ncMzGAcN6HDB4fAksbpp%2F7wtTJbla%2F3Zjtsq%2FyuucAS7dTLwvYZ2pJcITkrYp0puErTQ3qqtJ%2F1DEumlucqmD8jZJX7YglhZ%2FgbbVCGQkJ%2Bin5ZLfnEqnoAoxZyCXJULHN8kHEjQBlPioG1yS6v%2FikhiALs6cefCAlrlFvGmG5BdhS0COIvGNkFzLbYQ6FU%2F0IJmsgsdH55id1bwU0jSjeWRTQfdIXUeO9giZ%2Fz3LEACCDPA1BWxzJYAQ4YV3w22I3ZcOS3NCMUpWBozq0gNxR7Y6Q9XfrrgwVkwB8iBCnirWUZpoyL1PXgb94LTkTqCyVibMslEyhaLJbrImIYPe%2FuOVfqzs2HX1676%2F6DLLR4JN7BLvLJ5dhpFwzdcV5Nv%2BLeBJC
2024-11-29,中国奥委会祝郑思维一切顺利,15.6万,/l?e=1393IoxTany%2FhAV84zNuEHrQsD5Zvfd791amtaZ5OWlVMkX8ylmWdi%2FFbbZdAOPTjCri1J%2BHc%2FNJHryTJS3GjvYHZhi7cFHAIXwrBtI%2FqBJ2cgHQAacH%2F0gdgdbRunSz9QEnbXamEDXvLH4Z1ITuMppvCv8jNSbLw1ELPEZQVlJI7h3LnUxlhBakMwxz%2FJG02qPP2lrYOrgtrO%2BiwJZlrihNrrvWr4I%2Fyj0P3ib%2FwLhM5%2B2%2BYPgfASertjWDWVSlbKtOhkZ5KACvbOv%2B8h1WeUnRkLQ09FBjDfUD2OEQUCx5WFDxiHcawEU5YuI5Zf76j4LmVBqEKudlYP%2FBgrccJ5Lkau8IZ4wDOtSZtoH2l9YXzyrsnyW2jCocmq4ukks%2FuDlHjNCc
2024-11-29,陈少熙预言家,11.1万,/l?e=4cdblovbiRcA1PxqH6s%2BQb804O2TTVoK5xiVSkEVV98haFiRbgd1CGtQMGSNRhtV5fwwg70LokPV6AnMGiPQBJsLIOq%2FIHE%2FBARxjYoBDOvuE%2BTmtEhsx0Eq97keKIvPiUm3icsc5Syh6VmcJEPXkQ3MdclNTTZy%2BUCdB46bGsKVJGhRXFs95JEIoaFolsDf3%2Fp65VnVz2Pfz5Gh9BHUsv4dIhmMLOcgCLL8f7zfMCqCBSfTGtGegcXj0pDO
2024-11-29,羽绒行业人士谈生产内幕,1315.1万阅读 | @九派新闻,/l?e=1ae1TSCgbVkZgLmbGdK3cs%2FOP%2B%2BXfJDjeFFR2HsAdlWLfrmpzu5hUtaHWT%2BpTOadbzPp3adgRy%2FeZ0YUHQ4qD29NM8nf0PUowdj9Re1C2nKpNDtyh0oVzBgl5N5ZCikU4eaBNlZAn624cyoU8ZDapShC9HiG%2FBokyi8ZacPBH7QA%2FMR2tsbhE7UvxS8bNl9e9GG%2B5kxKF90DEMFg7rL7vcQndTjJkM40MxOJntYw4CpB4tYLjCdQxXCUWqA46Oi%2Fr%2Bz%2Fp4Geh7H%2BpioLQnLrTzOzC%2B1HJybJaUR1ntRB8VvRuU6WqWO2cROXmhmsVtvvSAm4YGqB%2F08HT9pGG4y9%2FaYI84Ht3RJQ
2024-11-29,官方通报学校食堂吃出青虫蜗牛,511.9万阅读 | @新京报,/l?e=3e86E6k4cPtDZmeynkXScVi7aAfjlU%2F5a377rY7H%2BjAuXOXHtlPnoAroPrpe2C0XH4hwoEvmGuYJIInHdCYwcR%2Bkt%2F7pZN%2BmO9BodMErL3U1XFB%2BpakdTqd%2BJGIKB0G6BJc04B7jamuf8Jt8EUwgujnaC3xTBIdz9QGwOjwwkTtrSVpjPIIyHWVzDnru5bMBadg6SOGN8tTjmQG9GWvIcKM%2BrFi6ysFkDrgbh7adzEMu7fOv2piRjAlTZl2Ev87f5KxWNK8NleGm6JuHKtqIxNTFyHf9u6o96DLzXl%2B2HNGABgeqsND4HL74f2qJx1%2BpioFw655JezCt0EHhEuYl2PG7E5RIDB8vjRmAtXNoGUBeSBXQaW7Fmdq7WI92c4nmYRYMca%2FJR5MdMXqk8hT8ekZsZBOy
2024-11-29,婚内婚外老婆情人饭局修罗场,剧集 116034,/l?e=1984Rn6vUs6Qa6E%2BvzLsox2Ro9bwTfslEHcdCZxlZ0Ut7CLa2CRD89NaftUEP9eBV3fq2mJSTtGEKlGuKjJRpDX4NtAZVRjbX%2FKL8W1Ytanmq7EBoqSdbXGY6QjlWEhZgG6iD%2BiMC0RE0pSOwrm6x2hT8pNaGUmz1I6gqWXTj0wofcUArLfU2eyhEa99m3sWR4F9z8ftQfshiti7yIKcUWORvuXzTUR1aXRNLBvt%2BI4JhfN5HNk32jOb2xkG%2BqEdM0mgOT57qITDuDFqGsoMZaTNFMEyVhvYTAB0CF%2BC%2FdvV0O2cTaGj9BQS249a7C4MktujnHinHtRMFPlX3od0h29LRN%2F%2FBJwATpvHYNwTiqnaGLZg%2FAarr5kVsn0OFt3Fc59U3Csg
2024-11-29,Puff和Langx和解,22.8万,/l?e=e410nbjzyh9JwSsrgTLG0PuU6SVwLrU20E5FvNuX0I66BBYjEfwaz6vYUFuzLteaid2cX055IaNqEBY0fD%2F7XIR7rH62QqrEqYfWoy1aRUBtBbH95wJaJxVQhMpISFh6SnasA%2FlCNxOaTPD9loqzN7Zjx888aPZVoD7bztWtOpHrT8Vg%2B3XkPH9QBGN4IqJduyNyEDz4Rvm8
2024-11-29,国乒备战2024成都混团世界杯,12.8万,/l?e=4164v0KxK6G6sD%2BzNxHLaviUdAYfvIaSygLJDJ3kXsLm4f%2FrMoOxFe8YA1AkR3BO7XcMZ0GyKlr73FjHfj%2FkaEpNXVRdIWjFNycrsDmY3Jahi6kpofsX5NLlGk432s1jGYPbwlZyHYIhJAaWCs6nfG5AB7Vc3w4afEsaBlkWFouq254Od181YNVdbKl6MgrnMOAfT7u4dPejvui0lHucKDYrx9qmNvTDR00IO0b0OMfLWN17iMU0wPVzzFez7%2FroPcNSomoBU7arTF6viwJ%2BkoYv0eXmdac0wMhLT0rWR1GVwqnyIQ1xxuimnLxAihr8lyOhwUbxFA%2FNghG%2F6GqbiRvgKo%2BlkiTdlMGq5g
2024-11-29,苏新皓我记得那天阳光很好,22.6万,/l?e=ce29TuBRC4ShGl8Pv9FHSGRUUM5pgK9U2i8Esuelbj2BRWkMQtNFxlSEE8JISQf0HguGMWlK6PE%2FSVw1l4g7EftsYMFm0gWWGtA5WSvr1VP3TMBGuCXxWo%2Ft5jn5AYnpoCp2l0UDgc7C75y5cUkaLeHIU1EgeR6mKqIQ%2Fve1E%2FxxvnM4UfPP1MI%2Bk%2FnAsAW2hLmpMsCxRjT5QhxsGAzYFRILBnxLnkBzitn8F%2FCEOjfGB6Gj4VrZhUdC4HG%2FgPDc7y34XeFBiHWztWtiIc8BlwIwh6I%2FRWJmLb1d1hWqW4sj3Vd7VNycvKfL1JNLvodBroQQ7onsVyA4cerCR8QXg1LgJnepyyZE%2BGKIGSTeFjKgtHGlso1j
2024-11-29,金泰亨单曲空降,音乐 168164,/l?e=18ff9PD9qbrMnhTyLpAdMfyH4d0vMJnHMcjw7G4ToBgm4H1TjHfQpyCCnQ9ZmWk3p79j0wLqL5tA4euMdlpqKkUAUK4kAlIl1HgYs%2BkUpqJJGGJakitrsS3ZgDFYo2YMPQOWTHLdOAa9Mxvjz0UROOrdjzBChCEyas8D%2F2qtUGe4jHGicRF%2BBKJoNUzNBPJEzJt%2Fkbtuion5HOwyAceti9g8nT%2FcwuIHME8Ngo1ctXia6FmCMgRT2HYICkH5ei34WX1z2WTvn8dFSwNu
2024-11-29,唐嫣粉发未来造型,16.1万,/l?e=a02cLyJjmf40TsIAzspznmaJO3QppjBcPiVbdVJU6Jx7QwPWFdNJLeemfIYZgVoR%2BwQGuD5vyAZILMtfKtIEs1Pv%2FvxEItn1rdHlolqtW9%2F2Mm7wtNmSAnZGMbwdgk%2FtzVg5%2BaU%2FnaMBY0OfUC4AZjhqA%2BAdtTE63DWRB73RNINqDRH6GKRlVDAwFKwGJ2vTpX6pKMpiQ6FpHN7VnJSzesG39tTT0ICFM493fLgGNfVKEhF7IZuP4zurIWLcyZ5zq4T4%2BHfoo4VsCVSE%2Fk5nJ76PeczcG6qwI1N5
2024-11-29,冯绍峰接想想放学回家,20.8万,/l?e=3d5cHghNqbxuQX05G2k9vo3gMSudKvswtAeHk%2BsJUcDLq7twtQMhYTXsYKESLBLlva%2FWD0PkvAb0tNxtg9hl%2FIXgFtPC%2B1HP%2FWJW3VUCw37aMeUE3u78Y5vqU6W3qZ%2FbomkABG2LHaG9xd5qbBkXX7tH4Q08Tt7bK64UwcIr%2Bcg9LdWssozdnmZpFnQpbOmj2gYSJqDewr2O0pCBFx%2BePb15FMwmShLVgejLzHhs5FwAcRj%2FmPhEpL1TywhPd%2FhS9wUWoKaStAOZxLQsJ6WrMf4pdXcoakN0Q9W5VNp1yS6USGzE6sferH7FemrxgZLhrfemFm%2FbSN2B
2024-11-29,冲锋衣成顶流是靠什么征服年轻人,12.2万,/l?e=f1cdESNYp5g7TzkOkN%2BkZKlZMA4SwYOr1zxz7a%2BZbzlgZJ8eMDTxiBdI3O8SSYyc%2FzFyKFfmAMKL6164FHPU6ilGEXSNeZeueGjD893lC9vYHTB44wAUnKbVoNC5kcoZz6ooEtRizY02wSLWgyzenSi6xeCkj81kDG0rImecZb64lnZmLq2NCpHOnoKHFOgZW2tyMzN%2BJtTc0FoD7WLu2jvrlD2YgtOdTkgQ%2FMVGwdkqBQcdt8DCB7HnZUQ33YQ2GJuEg2KOe5VEEv6dyG2J%2FQ%2BwPPML7fPCIgVuGpkeD3YA9xwjpCSN5vgtsm%2FOzyErLZ6XNTytXj%2FqI2COZwJ28j7uQVJDAHuFY6QmIcVCd6Z9%2B28UIMFlUOvfc0qT9qawTz46hDrQHAPfS1%2FYQBrAwGQZyT5veyt%2F%2FBGR%2BCvgYnfpSWB9
