排名,标题,热度,链接
2.,优衣库创始人言论争议,151.3万,https://tophub.today/l?e=3eb0764z1173xa4%2BJOLNEh3YNqZc16lRObLDa1qX9raylK50RfkgI0BQGg84HZo73hpBntf0QzxLfU22qs2mFaMODDyH7CkwArrW90OTT5ztgxC5ksiIV9i2dDdufw4R5LJ6pK%2FnDXqAg3NemNA252wwTu61oNOwu0HsSeWYCZI5xj%2BS0KWoU6uG9aCS7bjjokODWWJCZiNfDgUwSl5K%2B7jlw2qvSJwGe8gAgeFjhCFM%2B46KDcDkViJ4ZC1SnaBsx61Q%2FFnHHQDr4UI6IDYKSTufh7ZGtqJupdOUSc2i5C8DY1t7s9HYiNclGOxaZ6h9EOyvdVSyPF6p
3.,鹿晗回应喝多了,105.2万,https://tophub.today/l?e=d824t9QLjUcck%2FpyrwvdzvKrfHvo3Me3Dc2DgotJr8M8kYKPydcz2uaEl1AASYSIEm6GCRE7jKNUQcTskbpZh7uH8Hcw3eyBHZ2svQe%2F2GqNjwJB8Jsj0a8DBvw8IsPqKPh17QF5XaBNOHhH7vMRi9k9rrJJnV4EfTaAildUxf5Quqsb%2BXvlM%2BUngCGfGQhIVqL6yX6CQoVp0AcP8J5UmfR4lrhNEhlEhfGW%2FYKOZYqrCtrNBMDnCmNolXSjUBRIgNk9lrLcfuM37iSP
4.,43位志愿军烈士遗骸今日安葬,85.9万,https://tophub.today/l?e=f077XKuwXSLuRn03l4UYcnQNaw60ZfthjqcHN72Rqt4cIXwVyYNe5fjkQ6nUiTL8oclOjV4CouaO%2BLNIWnFv0JGi8mjBhajJkFLFTXJ7SqH6ptaD%2Fc1dg3IvZS5hlqvdqYM8MbutruoDfCqw4B4nQUKhhAnWS9UDTrC34CtaKkvKddkQxb6kdAgzZaDHULdmjgZ4U6F6V2pF1pSLCv4MvVviuAgCBUZh2PQcD%2FWRXyDKcEy%2BrIQJz9k2KvAMly6TVVpHWgDlg03yKbMuKM7mC%2FTvN5qnCs8nqTWxhMzcprywmLhb%2FYFysupl6gEek19ehxhUrIuVvmR02jCjG0Fn0%2Bvf0VL1RYXXgiNwexK7CW8xukMNQydLUsw
5.,17名男女KTV聚众吸毒被一锅端,75.6万,https://tophub.today/l?e=b118cfZK4oV%2B37ucylB0Mm8LnkoJCyL8m3vONGjQbYGqYry0lYTQUl8dGgpiWR%2FJLJ8X6ZkgeDWivZqEGFnKrg3T7wk%2B8FGZ6QIvLGip8FeOiLB9Oi85xIsxqvgiI%2BHhseIRlcCcRh%2FAa4x2GjocJAqJBG7DVB0kGjrP4HEesOMs3zb03qtUfCIcu7IEei9FykhbuRhQNSDY%2FzBVcdBJSpF%2BtrfH0CVAky6cLxyr%2BOfqmEXz0oV2%2BgfRb%2Bp5tZe0y5frGbqAW3YHhfdJJbviXeb94MhCZUw%2FwVOXhZyHNgGEboY08F6Q5AnSuWgiqq4wROUKHlUy9mmIN8fZSHo5SSq3mJdkPZ6dYLkL%2F7A
6.,辅警因为一次好奇9年后救了一条命,42.4万,https://tophub.today/l?e=39616HKCejHSE2yAd%2FAg8DYQ4hQk6XWnxw1FsGhRBV2ggD2nEq41u5%2FJfi9VATR65ok%2FZl6CgOzLifRvu%2BkfK%2FGixiGZURUwGha1JlqlBpkIfbQ7CrInefJaSGMsHtKEWMdkOwSuqZ%2F11NrhhShqsinnsDz2y9GDzHIoPX55aS2DG0Cd5nddgWLHv1%2BDUmx8vsn3ufRumTg0QAvVUrx6B3cKj0vLUNXIQCVJeDkPwrVcSh19CCW%2FlVl8aU5Nq1SwCzsgsBaruxi9TqshC%2Fd0fvf9aa6JQEFpzRxlFl%2BFbLU0d17wX6bKO27piT%2FGVDIXQb7JdcpSFYJDW3JNl%2FmzoyQA%2BmsJKX%2Bvdl%2FpxiMDK3wKyX1EmsWR8bGPVuzZnwlddzgKvpbQ8GkNtpeje0KVUntzzrrtYvMcNG8qYf3EXNShMX8sLA
7.,山东一金店被抢损失或超千万,42.0万,https://tophub.today/l?e=f0198fN%2FR5uw9ld4GjnlCqQJtmMsb%2FWi%2F%2FBOkpO9pPp6qaWU1nnzjBLFjroQxRyPae98ITbiuL4LsBw44bvK6eVU2wDCTHqHeqKFCvhOApCE0EhAMoVUi4dsNZ8lOZxlUGJHDG8u1xQo5zglLrnUZRyksGQnFpttB90hEhvdc3O8ZbP9gRJFihATmuRDV1AItAzrYz3WWM3DCjam3awglTmby65xi84BDalcwdXJ14k6C9qdLlF9kCFzcIH2fz8YXZs%2F284rMYBQQHu1xrj9g9rYtzGlWrlf9UfR1M123JQfEXPt5UFFz8QXq3ol8nMhizPsb1%2FS3wi8cft3hyE7%2BrbHbqHRW7Rt2OPdV98ThXGh1YugH5BJvnRzRlSpb%2BXHLUdMlXjH
8.,吉利星主播,,https://tophub.today/l?e=cabe2dkdI3KLaXyqGqGOdTDdmmItVo1lAqA67a2oOO4BsCiGc%2FiQ0EkniNFb4bS6umCjE889AnCzNePemXYLVmd1tbNNqrDe5RrDF1YV6r7R%2BUynbMmEHJndmH4vk25FSblY46A1vBAZp873l%2BQWK6SdxTAG9jKjP0yX82Oy%2BoPe5Yk20WO9gzLpghlsgvjc2UauZY%2F9SY2uUEEwZuC%2BQ4hSp4d%2BZU7K1UwtmlWt
9.,鹿晗好拽,40.6万,https://tophub.today/l?e=3c25plHduV2drB3nrqHVoDXskxQ2kcc6nsf%2F8BSlSRufyCplIW4wOpbG3eCj2HTH70tXr%2FSXwmjqbWrtF2ceMcmcpB24t6JY8vsPFistm18UQepNvsmQtKwwnwSkoFqAEIB%2FjZBe8RnRSYNnmJc0A7sok6zY25%2FP1sFsAe4DpMcnN4dvRKFmxVZSIrpzEw05NUbtRbCugp9LkAJfrIH6
10.,蛇年春晚官宣,晚会 398048,https://tophub.today/l?e=8413EtLtgiMycz96j9IsHnT%2FlLfdCTbfS%2FI8QRC8PDCH5QJ9UbXq9vbDhf2Wve%2FbmUmKnnZPenrVIGeo5CWkL1dv3N58kxn7EJxTxyZY9uxoVQeUxv2iY8VhpFIIaCjlOrHsPEC0JQN7dzQ3A7PFteDXuq%2F%2F9DQdBEQeqnnOh27ut8pNhAnwfuRlxND1qs7B9hZ2gbcRLYEtcSfiQtliAE2aqWeONO%2BRxFCxpWZeoTZyB%2BXRhxAvITiELzcC
11.,冯绍峰接想想放学回家,39.1万,https://tophub.today/l?e=fa31tLKhJjY3MBQ8MwtoLBkxXKk72H%2Bry7zoygB5d9UKHrddc4AvdFrxt5CbxnPLp7UDs6d8hWREPTTVU%2B1u%2F0zopLn%2BNvzhJZTi3Pc6U%2F744zRh5ez1qFizAXpZzsKrmEKr7fiDlEU0acLwe6mCaBk6lvhQWmDMZHePLeamQvjxGQUOIGaNVaoD3yhBRzW59SVCwkMMAXtzuZCvDykGehglpMUy3WJJuWAdFqRwWP5t71mbPmFhNRC2zLN63sv0XY5QJY86VbXj0uwOWkTjfPpYMk2%2BsF9adWbMes0XnpcX4SsAz6HrKBgAZivAfbZFsiVFA%2BWMjW97
12.,美国女子抱婴儿袭警母女都被射杀,38.0万,https://tophub.today/l?e=03ae0qsWRarOGs3dHQoRCzDXOPM%2BcVwtsdQSAnmv66i2oBDJ40hESZiIy7NJKoUebKdAzRhk8rbOqNlfS9bdwSWq3IDkPlpmbirzptDxW8AaeB2gCpWz5O6pz%2Bi5DsHXPWnbOz3J%2FW5nrUG%2BC56m%2BpOPL5RiAKHWrbloPSaxjwH%2FiHNu6ThKiC%2FfZLeH6A%2FnqqBAt%2BE6m1udzeR7xHnoFDXqLieTSCLiMEMbK4kNFIZpSmzjH3cMFPaWynjCkx8miA%2FPo%2F2nKAHjmtaD5k%2Fbv3mOwe551XpYufJROFE%2FGCRwz1ejcTSWR4ouBTug2UYoxAPurYMF8kpSN2Un%2Fc2qExO8NAf8fmpZ64OSotv31mz0vFsuDxmmD7CMABLkZffZcSrVkFgjyurFQgnKxizNANgPATIV3%2FbAYPVW2514W3aJXU0C
13.,黄雅琼回应郑思维退出国际赛场,36.7万,https://tophub.today/l?e=5c7eJ2WPMSIKy5OTPJddXIgixKCkYvJgc6%2B51gohImXuBr6V0vmIUP6y9auHsgayiLPeUEa1g93JHYM%2FzdYu4Diu%2FGVFoh9veQLXYp%2FNV1Lcq%2FQ1LCjAn9m0M0ncqTatbYaMDToKetmJ3cfbDFRnSB5od7omiuPEEJtN39j8J%2BlYu%2F%2FuIO8h4biVOSN%2FGn%2B8DO6uEj1qnscpEhwxDa%2BaeS%2FsQ887G6d64DjvQFh3OC3jPBVnExVvp4%2FA7jbB0C93%2B5uMMh3pWxtWz%2BumqBJu0xXYawi6tJaaFw9vLyvFz%2Fv1zHNl%2FOn%2BsU%2BvBNtQo%2BwpMRS6VOjc2PAc8STFIBAb4rwTQFooP4nWYKledP05P6zbz64vVszIsK6fHncOIy%2BbIX%2BRfGMHQ8TMSAdbBNUXqjZW5zW8
14.,再见爱人4第七期视频没了,综艺 361721,https://tophub.today/l?e=9b0fUfITNhMzp2wwYjrKDBgaj6vpu6Qfkt%2BZoijBT2wt7xpjVUB%2BlsYf5T%2BCZzzylLs1gm5SFia2ZDg1w5kv36HMWB7%2BTJoTYH5sgv2T7zIXoc%2F%2BnlM0SsMDsdqwWY9bOctv%2BS2CvAD05gVwPP05jDILas2PoGR8TArS2dWKOKYMAzfe%2F4YwkWohBziJlcmg4nTfuAXB%2BWQghvykENLLqHn5qIhQvaUuQ7udUmhs1oAJuTOAimsPFt32FtCo3B%2F7J1n2sYyu26iIKbOy7oeNNJTaDb1OzIuviZSMPBC4gkclcbqRtyG7vu15Rq021kc%2Fa%2F%2B8q1lxYHBm3om4VDKFCZJ%2FPvbyhAUjWA
15.,王源头像P了个新帽子,33.9万,https://tophub.today/l?e=f104xDKpxmiqzXmJduvlreyWjmzcFzKOv%2Bm39wiFqVsv2Tyn6k7esKW6Pp8UlQE4pvB%2FyMk3F6WrwFHyXqTeq4N8WujN2YGCuN2gKuttcfRJoY8NYIbvK8k8A3NSwMYf%2BcjX6i1jVgMw8reM2131EGeRul0Ql%2BzvILPTKrWJtaqqPo2Cjksh6AjbuUhsD2R1kLFTH2%2BHLOMCl4gOMpjlzI3JkILDbk87HUPu7GPR0o1kY4PTCzt90yGWaFTSPhEaUaxb1PXc7h7pUVKCkW7dMe6y1iAdqCWrAgafVDI7geOviFXphBY30CTjyA
16.,韩国人的精致穷,30.9万,https://tophub.today/l?e=8037XRm%2B7uLY9rAAOux9PAhMV7cgqDHQrms%2FVZs32D2uDEC0WWfmj5pqPAvQLc0X6saQdNnvbcImsjeZYJkVEv4suHlyTerzQmHLKIO9XfM%2BJhinRjHKdTy7pg2RdVDk4Sl2%2FsAILKEACbJy7BBm1rxYCCqo7h9iqV5n4psTNsXd9FsSZl8M%2Fwx8Cj3UKYG2yCkcpSffZMnm2rS1psLuOhMFNOsyjqzMqE5NBs3XLVYrUYwzLyK4aMBDmMUNacvaO4c75n3PlL3ugNac
17.,3人1分钟抢劫金店价值千万财物,27.9万,https://tophub.today/l?e=d11fnGtqKDu0IB3ESOYXBl2wACqf3lcJ5PLZldmGLJrso4xl%2Bw%2FPhv%2BkE7glMG9k1lgizwfr%2BYSIJFw8bZmehvAWQ34Ugn%2F4wdbQc6id%2FjJ95ibKgAgeYDzUFlitzhFFkWVKvWEtbu0hLc1ScM1ZrIDFh46AAXIyFAa3V9uD1U90R1kZxRifpxWmIgCpmKFkNmCXcoz%2FqfXt%2BpcptdfLXe2PrHkNsTgb%2Fj3RaZCjPkaSdX8e%2BcDL8SO%2Fsus5OTKLywNeXz8cg4U%2FOcKxCHvUyrR5yMRSYE67N%2FsMBJjfPdsVaeOfZTG70sagMkzgafvYbEIeCay%2FTj%2FHuWf6chvHPW0%2Bqv2eRKtWZrhUy6%2FUFOcxWaPy8pVXGPuWD3LMvzzteSQVKKMlHaI
18.,孙艺珍为2岁儿子庆生,26.0万,https://tophub.today/l?e=18c8NPV6XHz1ZdktiqDuGSILJICSOcaz8rk1WUpcxqufIkcHFZi7KACWdkDBZGVMfn5JWmzkGf7GWi6YjfCovEnFb%2FJSfCNB1Ns914wVYnAPZCawlp26iLfJD0lDjZ6beFiKu7Sm6Vv98l3Kr3k4rd7ua7JVUOxhUFvS0dY0YSI5X0vbngj8QSvX76rswzIOGj%2FCDnROPwsQfiWmblxcF8jeMRmyfMxbktGwiHxXVYwmhnRXOz5T%2Bb6hlwrxj2MrQUbIHrOxozHV1a%2FJvbEgMst7ZLiKZSZrfmgJgBoifIv26MQgOR%2F46WIAhA
19.,胖东来调改永辉超市25天改了啥,25.0万,https://tophub.today/l?e=b820QuCwec6ZhoGQpRUGTjF1Gns5sXyVDuBSkseCKGGwk8%2FU8YH%2Fc8OZja3%2Fj7d0HKN0%2FqWjWJ5rxNqqbom55TtDLFXGYGO207TbgC6TlI2HdTDQhvzRJdaWmIwjjZ6ajqV55Phu4AxQNi7Yt4xyz6%2Fm6OSIaocdUup%2BA6bCZolEnEQ11YfEr%2BKaVaB1yV9wqe9qayAgu7uKVQ87gh8eKRsSs3ZKlz87qPoLc4Cq3vSQ5ELdHOOqqTbUkYzaTh7sl%2BHyzE7USmMR8NPVfN8lp%2B%2BNKvsBGmFN0mPZziesd%2F3PuUXWo2htiKbolCh26fA8r5wz%2BoFTBOHPgxd1c%2FxCdbzVyNwwLrU6zYjWSzBOvD%2FFK7WoPnCSaekMwR6U1BOGyPR8aqUDs7A
20.,王楠女儿落选国乒少年集训队,25.0万,https://tophub.today/l?e=97d4PStJEnsIPFlDZWjmetZPXesdgQRYWTcL7iavXYD0fnftR7d9VLg2O9HPWdDKzew%2Bv6STSv2EXqQOONmLf034U2DZ3L4UDXcQRZmGHo8J5PkOUL7f8w6mhfKr37r2tzcj6AGnl9dXk%2FNxFUtFEN5CoaU0Do0TgHCEgyoL6%2BHk0mnFtRpsbMWMiFKb8Slp4a1rY7iRYaknvyNgstrjXswTPbTbhYe7cGk9XHFaB2nhyKIDDK9Sh2Er1ctm9%2FJjed0KuVLZW766THJyDJ7G6%2BwyMW2zjdGOlW45JEG9ci6nnNBzGWH%2F%2Fd6sYkBX7m6Yzb4Yve7QWpObYXudmSCelQijkwhVAORdzYlpDab9MsU1OFg5g9GxQGPaLPQFLzn3kS9pqYDd
21.,外籍男子人体藏毒123粒被海关查获,22.5万,https://tophub.today/l?e=a749lownuU%2B3HWmvq3rQZbSreti1SsZD8NibSVObCG4dpA7UmlwlrXUHl5aADByaOANTcW8RpgEHcqmP0KmfQCpwxWLft%2BBSANNTE9TTTYBLsF%2BtP93eQDHGXt%2BFgeXpiJXzlG3NuDl9iotZs8nauzvhrjdBE7d8ornxrH9gIymAL3xvH3B3Z7NyiJMFYVEFnzNRy%2BbOI1vo1kKILxJCObB4a9pc5g%2BI43m7SVb75a8CaIblL%2BVcPdYaTv4ntas5SwpxDAUbZ8uYUPF9rchQLyWToPj1tvakHN5yaTBvXsiAFnghX1svitfmYgfM%2FmU0SPWQ1gADUcwqi%2F%2FWuV%2BC6RaYnPU2%2BcYMMlJakAZbOwECUwCSCCLzsQj0W38wI%2BfR2yjpV3PstyemPinwhQeyy5fHCX9XcrZH
22.,唐嫣灰紫发色,21.4万,https://tophub.today/l?e=f701n9tGVps9EKzTufL0zRXJoqquGqfkYHDx8KcH64AVw0h8Sxmxspyg9VO70KRpmpY7T7g4K8D9uQN%2B%2BxNNDqII8XUKwxhLAQ8GMBfSqpmOGLfX2wlkNRJJz8t8t%2FtxPXP9218CmU%2FOLwgZoSO9P%2BGnm2ne8I4g4JEO%2FPtTJuRJWMdE63YNal94qn%2BgdaVcuh6kKtU8xy%2FUPfT%2FDQy8G8twfsPsLHmfV7A8OjJt60CDXzsi%2FA83uX%2BizNve
23.,林一长沙活动取消,21.3万,https://tophub.today/l?e=4434Gf%2Fbd1KAzETWFZyrFfbNPbUvb5mAF%2FpUddZkjg6XQgXPB8o7V%2BZYK9%2BSmFBdcPI0O2IUlku7E34wwCS1FaZTErZrb%2BXyB5Q%2B1V%2F2uMEsOGB%2BsG4tkvigSbSNEfMwVDeYOOuDZhKr7O7n42DVwsYB0V93PMaXSCwZySJ%2Bf4WMoMpao6bbvU%2FPaQrDd%2BBEfWxmgnoT%2B1PCqbCVzioeoLiQikWoiy%2BxmbNGg4spUzQUwW%2FN6vugKx7dpo6x7gi9PE2iuC47zEDVGQqmtVRkS8aPZR3eVUFlKYwm
24.,丁禹兮看人深情是因为六百度近视,综艺 209505,https://tophub.today/l?e=945dpaSQGSZb2lEg6GCCZ%2BVCxVVXND5M%2Bp9oU9yD361FiDpMGImWgatQ7TaaiMlDsmgBNOCdGErEBg5sY%2B96U4Eg1vSam17ra20e1L8YJAjDOHkEbZ1EpqJwialQWLl3urrJ9nxTqD2vivTx5gzPRiWBBlSzmZ%2BZQ3GUJIydbVKFNl3%2FaOV7NfZaN9LxA6q%2BMZj2Clbcln84aCGmbJmpR1Hv8LljDo0mGLQ%2BCdMG8iILQrOlUmiEr72uETFvq7uc9ptC9aAINnBm%2FbgcosMEGa4CxErcNiDAF%2BTN7IS1OFXQkvRUjmKEbLkt8ceWyyeBkSckcZsjIADN2kuIf2EjCzjvniVfrcoSZBbv%2BvnjJqIOG8OC%2FcQNcjhOI4mKLPb92HO1q330xSnALLCpXozpPAJMiW3ld9uOsMOV30aO6P2VERAW
25.,TES官宣Meiko离队,19.9万,https://tophub.today/l?e=c2b1%2FNHgcsdSkl0OX6m9STX8znZVUiAEKHPMSYJNum7lix0TCPEp%2FjRT2ta33UKP3yhLjhbey2ZjF8SynrjLdBeXUNCT8%2Bq7zogqKijGEH7JrJJUfssF0lEiHZvEfYtH4VK%2BFeL6ywcgWfQtz5Sed8jwdwKRG04rHw4G1WVRUOFQ99Mc2mSj7zSBzI2hh%2FZGOgGV0bDXih0hr7OkzH7IbQnfZRIXRak
26.,派出所回应山东一金店被抢,19.1万,https://tophub.today/l?e=b0c0xC3PJ%2BerQba69pa3q2szY90kalnx7MV7mb3YgkRb8jCnyvk6BtqcuMJB%2BXL7%2FaxPJaPg2tsHvPjcGetP4BHN61CYFcjX3LoSlkg8lK%2FEC39RqX8JaCOGwBenlMygwiyO8O0zT%2Bi4UqFVTGivyCKdR1bgN9MMY9ybEHifwWkxJlTdrSfk4jR3UbkfpBgNBL%2BfnE5ncIx9ybCWaEN8xwfVS%2FX5JUWS7M5j%2FCrCLeQC7QkiYEKJEaBjW1PHwONRXRZEjybvYaCPJr5%2BzAYPnMTQOaD6ezPvioHGcQgTrPKwT%2Bh2E%2BJu3p7F2MZin5BmXn3DWfKcwwrI7LfqiKiRlua%2BerAWQI4C1SzpukdUQn96zSZg5MoM
27.,崩坏星穹铁道,19.0万,https://tophub.today/l?e=792dVAzUVSPVq9pMhxp3nWcawqg2J7m9Ifv0pJy5MsXvQRlvbK73xy%2B3Nxaoz748y0RaWEuGuyfB2jPNwCJeefA6caIdCWPukLUTs6Ic2hbz2CKEN7toiBDNzXUxQYWgZ1sYmfQGAag0xpQU%2Fh0tErjtZR30uw7HJyiDVflI7JGGFu5RVprIONGdRKhD1xQzb%2F3jkzBsyHNlfhpZcJzGs8rRtmH73bkzadLV1Dtk6IGcz6ujBAp95f0Z6Xam
28.,古巨基钻石败犬live首秀,演出 189465,https://tophub.today/l?e=4258Hl2dMJ71BNB%2F2rhbvPcCD8n9k4l2gCCV1PIB9kSSglIF3Q4teR39%2FlkIKpfqo%2FbKQA4sENR1YtJcP91okRtFWQWfBu0W7G4sDQyhgU3Pn0yQTbQeq4m8NkP2WRGC9HHy2nhgZ6fS0bZf%2FDfMn8RReiGncwQUWnelvht%2BuZwWUE2TUqlipQ5IQVNfhLlcXy%2BKz5lC79wFNYFZnvHpJauFBQPUKj48cHEvAgaOSxUVL8agt0luwhfON%2Fijov0KhPwKez08A0T5oI7CLcgqtgiH2oUbryL2tElg%2BMHvWnt8jqMAaEAtieezb5NfeQ
29.,老人吃腌萝卜后中毒整个人紫了,18.9万,https://tophub.today/l?e=bbe8krbhawyqZ6u3zBveSnVP7LQ2EUF1yXGGnnrUjZDzmBo7Xf9yuB2Kf55OiU9UnCSzbgXTkJSEntGztNLFUx2smgIM0SvQSUKwGE92Y3jCBrEbCAMiTy12pipkz40SRq2duUI4r1DhdC0%2FehwNR3COkRvHNLNHhy28qh%2FXZMtuF5Fg8sh5uU4Q40%2BC9J26zU4aej5u4KANxAV96Haxxym3NWbhRXTl2wHoyFYtsaveT%2FeVN6isjUT%2BOiKUhcEjvIZ61xOnFHoAaO2l5qcCLbFSa0jRR3Nu1IHxHI63A49Ow013EF13AAi5QVqEx4ko4TJiyhy5gJW3f22tWuoU4h8MVstxN74%2FuXp9BlPyEyfXEuMJlsUnBlEqvjbATs98G9j2pqFNIV5Asvt%2BMsISUFRAwjYH
30.,年轻人买的水果半数是情感商品,18.8万,https://tophub.today/l?e=d8f6ho8UhqzJ7geX2ksCTnNrBf0Oao8Z%2BoDiT7bD3wE4yl3j0tFemmmGwyy9NMj6Rr3G7h8CXTi9WgoZsoAF9%2BGR19DURAsWhbAwNtM6%2FAcut8XG4mRBJXq9VBfyS12L6eCg3i8WvIt5yfSLtuCQVgdllaXPVrwc%2BOtXBanIRrDoi4wIP8S013Bc9zn%2BTGBXGK8Y3uWgf%2BmvdRRcMv4JgvcDaGFMALDS6vINskzpo1fTRNkDJYCJIOIY1AufMWgOmScryHhPpdJUmSol%2BPvwADX8iCOCmfXUFy8qYPh%2FTRCsr5rvNypwD0%2FUU5XEVsoUe968r%2FBTOBGItl%2BxVU4XUiYeETwYn2YrCbu2%2BRa%2F8nQFeuM6Sz4Ba68jt%2BihGfwQd38mLqdqF3x%2FAdSdJKIWCYvuuagx
31.,张杰唐嫣荧幕合作,18.5万,https://tophub.today/l?e=68f2OLGvl6b%2FL0oMtJlDls0mBMwauWe5ipEycWnQI0pNOExqFCjgrbCumf2RbxOVPzrOBD4VqdzAq4DSPsAZ7osG9GcMuPqiNU4xKzO7RsDpSK4FJa%2FvQt9nq0STiMs%2BAvtTYHsSjb6K8SLNnR9pZUJuOEy%2FFf9EwXEArQHSvW92UrcpoBuUOOcT8ozvR3iMIztp%2FcoNMTBUT8AsKFBtKI%2BL9S3oH2iph8Qxch92OBVP15s66TaZ5ZkyO%2Fp5i6gq1b7YCvA4aYd5j6pihoZAJsT86rsvK2T7uLhv
32.,王海质疑李行亮麦琳争议为剧本,18.1万,https://tophub.today/l?e=d0b8VYl%2FIOECNMrdlIiRMtOw0rUKROsecgQmONZWQ8GWC8t13luVxDRO3rEgqUig6quKad%2BhvT2eNP3V5Bt6dKLMRQHkylbu3p2JrzDBS0Pt8e1yT68S7zRWrwEdvNQDqlTBbVWM7fw%2FDCbNDWX7iUNGeZnEKOrexeGcrwlugx4ZiIjONYX108ZG8qsaqGdw5nrkfZ0HHH3Y96JHpolTciaLAcFoa3wo0UL0Cbzfw7y%2FoWWmr%2F%2FX5XWFtvPY0Mik6uNusNwxgK7drXXSFgloAV3jyXEd4HO2I6pEtu9rG94pmUW1A0%2BP%2BBmXuM3DzbN4KAyPn8YVomHn2JAj4mL1UUwh7pO2v520wrZ3bEmDamOBIMIHPrJxQKWjqiQA7Fc2oe4XehpDx0gVK6U8n9wTE8m62EdV
33.,老师向家长借60多万买房还钱困难,17.4万,https://tophub.today/l?e=7ff2KkvVOnyilNx%2B7A4vw9DQvB0qw%2FWiivulAlUAkhTZfyD1iEHruzmzmciCM2gXIFlLwu2C%2FCg0O5Y0xDYiva%2BpMaIfQGOaHrK8HPRY74moor7r%2BpudIqLP9OXKkg16OCpceGXcT3V0nZanOblTms5QD9NuRMMeLATn3zr5ZgxdMSK6%2BrMVgSpy5qW7a0cNNDVkeZUSwIKW7MdVwQ6I3fsorSVZiRIfhE6wuPG4Vn6u%2FUR9V3oGSErCip9wUYD08b%2BfYdOUsAHYRPTjSIbdiJdYLD%2BnyeD4wa8gIh%2FzzgDXJXqv1fq2K4wzPBu2ijOKUchZHKXQ4MAek9MjmpvCSxdO7F0esKToKkcbM4wqF%2FDqC0YlRUUJ0%2B5dOevLGgrDqOQ8rM1ouW8p7Y%2FW7oxuWeO8U5IdLIw
34.,南宁一家长称15岁女儿孕期被砍伤,16.5万,https://tophub.today/l?e=142bFBtKZI1VTpiNeRu03u5QHRz4YHJnfldWH9aK78KZ7uD4BemkrOyInScTAp0fu6NaYITw09dpIvwFQK6751gzJytJCTScPq%2B3lO3T7QD9rSg8%2F2qCnaUGY6yK77gugeHLAuaenGarvlQjjToqy6sVvQBv07dzLPqSaegeTXXBGLggrxOhXiDwURFlDelWdbev8TT67zailBqwUVNmfo1K9casb8JuLB6O68crA1qsC%2BHcgX50FDSKEEjfPesJD3ARJIwDNcNwdv88pbHlDFw9XiUDxMKqiEC8aA59VQw8bnBmRuI6c6Wa%2Bn3uJ8wfsU4%2FwrRkNHiuyg6Vvra08CK6OPPULNahGlN9kh1w8pmlYk6xBSZ0iBfuc2cKECgYQwgBBXxm2T0D%2FddNmmGwRtlO%2FMpYDPQ
35.,珠海户籍居民可一周去一次澳门,15.7万,https://tophub.today/l?e=d120iVGvNzsHaymT4PdywN%2BvBwfXV3l9yP9FLsm9tOVASU209NN7MuPFKSAZUfhy7P5WbOGJTiM2BWPHWbNCUuR7QRSXBHMskOEUCjOxdPRDV1bTyisUKLyhezLBO9slPnVU2ZzrRkuI0Lld%2F%2F23EKUgaYOkpCMWLEY3tZ1R8DX3UquW9RfENOpXm%2FOpkhM9uZxZ%2Bu0h3v%2FrMx6%2By5rjTXp9yZQOtQwSLXYlXEEwFyNeQE4FqF7QBphjA%2FmqhYn%2FhBMkPFErLwmYOK2kc0BmKH%2FhAj%2BbjdHlBQorwbh2wiKkjPlEvUA0JlJ%2Fz8yC%2BbXwqaZ9YRDuM0YSrw7RtY6AwEilhwjZYw6FhJqM99TTsq86cul6yRrj2%2FuMTfFUf0kHVsEck%2FEC%2FdNbpJyH1QeYoqkUBPNt
36.,林一霸王茶姬活动,15.6万,https://tophub.today/l?e=d344emp7bBU0adm5cXOnDuxJ1Dgia9NGZ1hlFZ4MUuKXMAG0dcyXppJuiA3qo%2BLo6VOVXx8vOpITy9SAiInJJns4QlERCqqtt9LuDAUtKWTy4yICc8ZU13j0MttOSFZywprwPZ7tZoabnOdg%2BzYwgrDo6AffTWzUN55NZoSAJGCJyRvzXsjMQLxr54wjJ0Vw2ZIVHCAckjxGXZh7AOV0jdtgUeM8DOBvy5ltiaZ9QM7nW%2BmCC2r4dCEs5y%2By7U2qSm%2BCfm%2FDw%2FbmiOzOtB0zev8yhB7cXnWqtoYL
37.,卢昱晓看预告片才知道不是自己声音,剧集 156116,https://tophub.today/l?e=7012eA51HWaMLlA4kCrIJLJsP2D3o2DC%2BfQqmzcWZQ2%2F6LJoPzeb7l2G183n8pe9ZQ%2BNX9Y1BOameQJStJIc5itzYIArb6f4R1ThzS8%2FBRt9Ped5LL9cqV2EmcamoQGht36TmJtT%2BSylO0OZVvON83cbxtMNedSiM7J1vXmmFhJ1GTltSKbwhLISh8zAiHr38SMJ8DAcsILj4vPMu5tJJ4ddS7zFOODM9OqgGtMEPsZrcB69NkcKM8WeRNBK0gKTkeYpSuMrinhJMBY09tHyVr1cqd4nYwSyLdN%2FkVGw%2BtvEzy9bWwOjQykacYooq%2BFC2jcTI%2B%2BlumeFjoIMZPyCiZ4%2F6k1bSwZiQVMtL3GlhUlOYWJmPXGELZt41VVqpOEQ71tTeYX%2BuEFZ029xFSRQcBwCOrhQGgH2QpvtRVnlGqkT5rMfmAIGuKRU0VMKe%2BwvRVPG
38.,奔跑吧揭秘穿越千年的东巴纸,剧集 151335,https://tophub.today/l?e=97832ufHNQ03T35NksFsO2ZYynjSfdEJ7mVPgo4VzpV5Ij46an38dt4Jw6jyoB3%2FuuCMNLIPcctufSmXqqK8H3m9qq7dGX37jNK5kCisVma4fRWHK2Bjxf5JC%2BZW3DrNmBoC6ZXAQj%2BJDqeBZYaphZpZHm7LqXSRdIeFdWYbczT6orDjFtMg09fCdOgCb4mkr3M%2BoN9osrmkGC5NX7PHMf%2ByScNA9uq5wGDE%2BBnqILxXTKgh%2Bzd3Cr3%2FiMpsohHVgbHs3P9mbjIvADpjLt8MVwJ7pm1J%2Fz5DXM%2FPg9Dqi%2BtgkcRr81XWN4N1xrmTtK8yZ5WJ0Zr2cEYkRXrnEnxu3Y3AnSAJaE1BeuM7KMwP7h23xWoG5B11L24NPdCw91Ypvjyl%2B3a8
39.,丁禹兮 包治百病,15.1万,https://tophub.today/l?e=2b64qAuBrc6nUyyVPFGTSmyhWMfJs8%2BrHXcnw04%2BcnWyUOCSKwmAogPX3yvfZOLyueIMnUn2eojGZEjLe9odQbBtKOOo5O7%2F%2B2y1WONa4pQqqSOP63U9XKEuRLJcUTzUbnruWu95oegnYe7LOU81iMiAta7ZGfnmOtZIaV5lCpBobj4hFok2xdUBYCjHq%2BsxxlG0saKEazhnVT%2BbDFZELH59pSDihr8iILYDX%2BeqRJFdYwqquR5xFomecJO4GS39tnJlTY2wKz2VuwnMDYmt
40.,央财教授称股民套牢是好事,14.5万,https://tophub.today/l?e=d108%2FqUEw%2FUIA3QnfWHdGiZt%2FW1vA1OO7ShK5ZCuxji0dhfy67xUprhiTRTvnc31N8KG6w0wNjUH9IuLeRhwHP%2BvuZKBpY%2FyAgMAVeZWmsgyJvv6NLiu4JVoQJR9oyBgxnCd0TVc6uowhc4prOuB98BlZnI9sEgY9gO4QkcUa2rFzNxBN%2FAY68ZlUSCjl9mTdbV0xuXdoVGeDrvdZhOtEwGud8vvVbpgjkZIc5xtWBxsE3gnYQ2GhKECpENhavVanQz4lxKoQNpn0spY9crIcxrb2Zb1bZ0%2BemDuwx3iUGKanNGfvDtlOeS9NzZAmTs%2BjBjrztBihuKaDe1SnH%2BKPX67GvQw4531rHoglFWvd2NLS%2F%2FjNh2q
41.,你家的筷子多久没换了,14.3万,https://tophub.today/l?e=a13aIDzgxBROs9%2F9W0y%2BmoR7hZQcjFgM3dJpZFn9csWrZ2MiqQ2VSeh9xCAzwi5XlMi8MMRT0Q8q43LlazdsJ%2B5351KJzmjZrnOjminUorueJWQhjZYYqPYMRmwgWVJMlabhlpjvpmwFURVVBi6WUKMjPwDbSxROhlShL4e10lXnn%2BJw6Est9Z4moFWjZjPmN4ient5r8FyyU0KhZJUaTzFSdP%2FqSvtpvM9p5KBmdunBgtc%2Bl6lrdutfqeip3npjsgEGL4Vk7bVVUzgnovvMI8sOiEbexBDiJOPsA2wqLLyYeEXZG25b3h8NnrrqMq3yYDYplgSGcnWb
42.,杨子黄圣依 人设,综艺 141898,https://tophub.today/l?e=8312hb7ReFBc7ZfWBitmVaR%2BzIHjP48WRm58RUQjT3Uqd4BuOIF787pXr6nkKJafnbDBnLStvPv%2Bg0oeGgJ0H3r1XAopANk8Vta3c6rwq8e%2B8%2BF%2F%2FRCqk1HujuFcwaw%2FcVwE96BmWIyCuw8t4fbXa4ep%2BSSSq%2BSima9%2BH6o5Z1ppfnyuaKKaWSkZdP7WYcp9QXSoXnMZyow2EHCyXPCUvh1EbnFc9o7XyAPYgf1iJqSBa6UHjoBFOeTC0zxV4nU8QN1eYiM1X7b2O3AWs0vl
43.,侯明昊无处安放的手,14.0万,https://tophub.today/l?e=baec8BPjoayQvXkDahbSP6lATF1paI1zHylhB0jF32w0VwwAb%2F7ZXN1Ixw4sUTeZWJ451VhvjSEm8hNXfEUtFEPTLW8Gzjz%2BH1XljpBxYuWcca1rBp5NynDflyNHpNvhisdYEBrg7Mp4a0eZQseuz%2FXq8hlB6Jb8tP2QrFYIkV3gisf6u1Xsq0XQHcU3%2BMo0aUq49IDkhtl3nlHq6iWVQNPWp%2BeuBFTri1PRRQSAniVTtiv2Q8ePH4fUoilk6N8hM9ulxAJTP911kAv2Ro02aqCRk4EsMcKr68gRnwqj6ag7G5jrJjFGvbjB
44.,冲锋衣成顶流是靠什么征服年轻人,13.9万,https://tophub.today/l?e=1d44vA6bTA230Gp3T7ahu6uF1TLBuc%2BnjfnlvVjn2BO7yO2Z8Ix5rpEG%2FJGCTs%2FNsD0Sva9BrGRSGkn%2FOoR7Ec1txqhAvqAO1sO2P7S8bvmzInSWZvVn1fCYXUn9C6AGmxnQyZA6yXLYAxulu6KOn5rmwijVEmNpwJlrNEeEV0nlMVhd9rkYI5oa26jcAiHu03pWwK6nGSrJkJSJWws113txbt3PYRhALDXx4GohVztn0WvSuiA3PIuafqI2NOftE2KgZfSzbVBA71bP%2Fu4Sg1kNT%2BTzuXhGQVfgE47KdvrlhrJ%2BVTi0wQIG80ZVLODekAhb0CdFpYos%2BuRcd5XL%2BUs33MOLDX04n%2B6Fo9rUn%2FZefpWOuCo8pEDsG4gFCPxq5mFg9twLNPyhD%2BmPUUT3TQFf%2FiiZIp5fWUU2bIpysG716KKX
45.,陈少熙预言家,13.6万,https://tophub.today/l?e=655aU9R%2BrTNW83AUvGT7rBeb0CPWgUzykEDXH6%2BSLXHwZsYMwKaNs8YTrihGDmqkdSmi69zQe518nDrHNkOB%2FtWoTCYsYcC80KrHhVXyL5b9w1h%2FJpqKk4W8YJUrLO5hQxdcuwEY%2FNVrQZIN%2F79oBhocw6J93NvYUWfiBF%2F%2BMZdPKbmxv%2BSYtFWXTtbCWCmTwmbyyZOrgjFV%2BW9I29ICioPstcBuN1sVSTDAqzBGGqa9PXRC%2B7xF30esXVpJ
46.,羽绒行业人士谈生产内幕,13.5万,https://tophub.today/l?e=7936MBeORPeagpn5EdkITLQCE%2FiGbjaGeBfbQQdjYDT2Rlp%2BQZuH5PczfVStx7YNJQKZP%2B6qC36AdXgkbkZW7o9fWEoqPfsnFw4qBaX42sH6d824c%2Fe5rLEcN72qMzDQm8VzTd7x8hqPyARklTcKk%2BUqHYVn6PRXmy0i2FjkXT9RMK6lLoRsXfyjpVtaxzX3m%2FzXBHsboB1skwoJXNEpKuJy8WLv0i3GCY8w%2Bzw%2Fw3AoVmttQQhxW0nYZ7z0hXffZcSxav75G%2F8pg4BV99WoeAwjkrQyfPkKLRfFTTta1rQiYFPOJuhu7BwnFsbZhzYHeHRjd5BcQaYgbKVgZmcUrjRGPqXohhYG
47.,容祖儿心淡全场大合唱,综艺 134258,https://tophub.today/l?e=3977YH5pcD3M%2Bty%2F24Zil0ph7yAe%2FosJJ0OF0d6WHQ35dJ7EEsyAsVM8vkL7Z9UM8j3ywbtI9f3JUoZgJd9jVCZkZ4glNT5tUcGBy4IJNV9Wyu8URJfP5s9St5Vi1085fYIHzmJXsWji%2BY04Tkc8dlpOZJYfKoF0k4fwe8dLUE%2FGyKWztB4QiPSp94FHY%2BzkIyV6%2F19jfWP79qa9a1XRr3xOftX12G892gvvRX34gJJaAyP2CBxqq%2FyNROge2ZVYChX3e7y7VewF4vJUAq%2BhBzubz7JZzmXRgPrNg18crD%2BtGdGc71tC546%2BStqzd357vIyQCLcRre%2Bj
48.,张杰第一次平头,音乐 134225,https://tophub.today/l?e=160dXDY9oHaq%2Be9amgV5SdaJEPsr%2FbmDi%2Fuv2oInkTSgd3FIqp9eth8dq%2Fhb91tNgqf6CQHOIiclP1PhhVm%2Bnu%2BepVH82zZhF0Udq1heiKNN%2BigSBr4Qw70koqo2%2BAZ1ZFk7q2vG14VBcYQtEKc%2FgK5lw%2Fglcf3IIBdJXv20G7yR9vey3NM4%2Bi5md%2FRjNGxwewcZoE83SqRm1txxRtQqsQ0TshcH%2FwoHiMEH%2FUN3ebKL7W%2B2p5izi%2FzCV5P6i8wooK%2FHYtWA95G9SQl2
49.,筷子用不好可能会成为伤胃刺客,13.2万,https://tophub.today/l?e=6219f4O%2BdcgL5vAl%2BOBSxC0ZNjys5jw2bMImH%2BDjDUGvIARwHHekf0EKInHpu9KuQCg4Bp9wY3NdYE88ff58CX3z3v3kkKgDVI9%2Fjj%2BxjuNXhITGWKwiPENuuKJpKOwwH1%2F9lwnc76lwVXFECUTBhQKUukDAMWss7MJF3hKq8nNDOrv1N5sHohtfzoGFURdWXZHLx7SkU2c6DaqqPuJn%2FfCZrOM%2B6063JZWVwe748reziA5Fg3qw4w0SxoXOxaNyyD8SquuM2PhiAxbqzuoLw74rvd3OgSDOY9aYX98maZ1k62DOgWS05Ztdva5s6W%2F7H12K%2FlS7IMpVIUiaPWYrI4f1GmrVi906y3bdPCKNVrBc5GoonxNsg7wZO4szkxoJToTDvMpyJjwKr0VHNbV121WFzTtN
50.,巴黎世家售出8天后要顾客补1147元,12.9万,https://tophub.today/l?e=22b7P5w9EouO53LVq9Rkaykt9fhH%2Fu9tfyz%2FP3FGvXLHEYf4OAnJgYUgoQ%2BjX%2BjKPoCRkmdjx41qV8Oz0gL5BBQ%2FcgvpHqd5IAi3hSJCAbsOtpMDIAIp6WMZPms5tJGb2RM9gBreEu1qTQ6%2BdwfBZWs9OoGB0l55Jjb%2BFNChFkJbqG8MiiZR78n5Vxd3T20iG%2FdvuRfY8hrB4qx7CNyeDeouMo0diOg5ifMjA6YBpLGLSliM%2FhMh%2FuUm5kgPuR5ARpOqBAIUdULMp68PuuKBIApb55skIEN810We1H4IM86R0jddIddMgRGv1n%2F9B%2BCEYNsXCe3Atxf8omNNqn5qyaU0L45Gz%2BLkoJXxUliuZxMkQqNGryjpdBbk6vwtoCiFrvW0zLzcUAhagmc
51.,虞书欣丁禹兮意林少年版,剧集 128838,https://tophub.today/l?e=6e053%2FvbBlEIOiw9LSGvuooYFQ50Y80hGkVT6BATMkkkbwT3dCY%2F20VrXRR9J%2FhApu0Nz9oOyxywO4JGjviWYQwc5LiPgxs%2BR3YGjSwnuJPAw101g8xelpvdnxzFAyc6nQIq3WE8HLbDLEqbBBcJ9ZtNqp4R7nvRmASGhIBox3a1T4FkB8Mll38Q4NydZ80chl2T2hRPbmwtQMKvqrCV21hluCt6xvnoom5eO8%2B1V77gfDsVplHNz97s6mxnGL1I6t26XL%2F1L5TvW1b4UDwC0EStIqUcjXtl5GOn9neE%2FWMvO7Oa2Ybs2%2BGW2PO46sqCdVKIJyMYbgwgqfhA6Rxs1rb5Bz%2BwAdoz
52.,上海体博会真的太好逛了,12.5万,https://tophub.today/l?e=a43dCV%2Fh6xpwceF9eAO6WKmK8mgB3puzlghJqcQ9TXDfM5IPHtUxF%2BMaDUrXzEXgJbCr8T%2FkjrhO8RGmL4tTEYCQBg7cCBIvS65q6aj1CZsMmngxT%2FRIXY%2BOJRutLd1lFdYp3uxtj%2Fm6yKPxWO%2BjrfBxDuHkYYH1baqy0sPOhnqYNjPgxkYkw01ZJJod4RDek3KFnzTfkAQPHI%2FEXyJuWSSmdYYwG8%2F%2FdBt9PFdoGyjC81OAJ%2BqQ2JBMu6rEJWcAXYilLG1bUu1At13WHWhrA7i2ygHas9vWf8%2BGur1W67VCMjobP9JIE512RKCHl10riLRWE%2BVMjXKBv%2BZ2lfsADjRelETjAou1
2024-11-29,古巨基钻石败犬live首秀,演出 189465,https://tophub.today/l?e=c5331bEvaZfCJwDdi6J1BzbYz5x0NiWK%2BKesYBOA3%2BTDvKm6iEHsN9vAfTiG8NAEFG4EUjueVHiPcUosAVfUADA0Bhrdr6pyorPqiqR31JCBfQjkNpMVUjYd9jP1aJiYwYLBZMBw0dDprDrHxtH%2FZHuJD65g25L%2FYX1USZGceGrEN4hgynzAGdiELgf9OTjAJtcX8gOyOpgvBMmR%2FowaELgJ6BQ6Ni67yOi4XAHoOnq4Uhqn4w%2FXBSRjCIPel6IQS%2F7r4QdhR8NhkSlGAPNBkOaqMpzv8247sQrnLN2ipxGYWrt1mOr%2BYLh8CmDSYg
2024-11-29,巴黎世家售出8天后要顾客补1147元,12.9万,https://tophub.today/l?e=2efb3knC14YCLp5p8vVfOoFSicjfro13lQfbOS0Tc913q2x5SKtkf1Sm5oXX3naGXtQVcGdZuB%2BNnyA%2Bw0XLGDkXNSOg8ZLSCbP7U3iIXBV8kQyIdQq3i1HPjwhhMFaVj4zG02YbklGA5PN5eWc0iCBCznFemrOKyK408VN8DdbqnIXI5UERzwcxdBoCGqClJEqj1sDx%2BvTzYlO18Ipbcpy6bgAgE7XFRDwc247G5nmtd9sWHql66GbomfBgDIT5r1ygZFSRXgk4%2F0mfJU3iCGGctcLp5aXXSqvRe9g2TEr%2FZenqtlcMHxxt38OfH69yuP39qU0THzUvaPV8SKeTRPNg%2BSaIV0queqIDsYMyZOlRzNBxr0hHL5%2Bn30RAAEXefupSKTEhXY3EQiA
2024-11-29,虞书欣丁禹兮意林少年版,剧集 128838,https://tophub.today/l?e=5af0DMm16LFjVbzPkHcZyY74eB2KikNSDcPA32dxSk6UBu5At0za1fRuh0xDXU9GaodX4UNmZHLrsaV6oHuC%2BKq6Avbu%2BYrNO9U5rNuYZ9Vg1v47bKju6IV4J1tqIum7GwLN4lmtb9s8bQ%2FQ0bRB%2BEqD%2FlPFhFnWnLzGExjKoiw2Q4n5CKALCVgRP4F3jp0XmTme6IVbcpRhujK0i16Gxu6AqJGAjhLEK0qgGVQlpkS40hhflfa%2Bfzlwakbx4PQHdr6YAJHv61mPyNCXsokA%2FCsTCr3%2Fh2h8yz%2BRwfam93Jx%2FrMXR%2Bb6kTHmWT2NizfPEiR9vsNxIJPRMLf%2FtohIMOFnyniVpuAy
2024-11-29,TES官宣Meiko离队,19.9万,https://tophub.today/l?e=395ai8QKgsthCzpHtWuOhpKZJYSCapiANIkbGcnjqhAqRIcyADVy9kwJ%2F3zovRWtukXvCHdUwv%2FEv%2FtuJ%2B1t2hJN%2B3pNeJKh2kORN4VtOkQ9KCWbGZRlGCd4kNyKIGaNbTyFQxHg7UYMWUdBXTuix81XbEUiufnN8hzn3uuW0E5ws%2Fi%2FHV1skEN7THNaksuzzsh%2BfO3D5W5BWugiwn0UkfKrB9Rve3E
2024-11-29,唐嫣灰紫发色,21.4万,https://tophub.today/l?e=e3d9MQQsImfGpcA1l0NW7byBSC8DwloaepqWNc9GHZTPLymnPSWq9Bt3GktbFUSHIlM7x9Z5gLlWrhVQ0aR9Em%2Fanb06ycjDGLHkzVCuuakMcxFsudVsHytWio4bkLU01z0fqQrJdK2ffALpcoEc7nw%2BI5%2B66bF2zjpUha0Vr9JNXHf2oyo4BsN0XjTHIgQV%2BntjSBV6mepW%2FPB%2BY8HUYPYEJhcXiRVuMmBy%2B47WwqUzfvQfY9v%2Bcwr53vRp
2024-11-29,韩国人的精致穷,30.9万,https://tophub.today/l?e=f46aYQWXA58MuzM4jqalkQd9S3jHLwiY68DyrMaUgVhHCT%2FC2GabOYqxccVDHX1ud1NaSPO63c3750GyU2bwGsE4C4V5OMBiQ3VI1bm9HFPRA7QHrk7Uw%2B%2FFYRX162MRdOo%2Boiy0VLcb6w6EAIStU7YPzxMKY1q72sdPE7RR2KLyZP53lIN8f8Jb4xj3vKK1nFFm2JjE54jrj%2FdmC2kQyw9AOoL%2F47sBIFigxxzWPL%2FHfTagke6MTRrH%2FfEkwUh2DzjwKHc51%2BsyXxaq
2024-11-29,林一长沙活动取消,21.3万,https://tophub.today/l?e=1a4fpgaTTejyRuJai5B6uDXm4QiGfi379YSFudiH2%2FaSZNJ7uZOeqhOiOlJ8mhjNBu305ACKRYT61G7%2FZ12bEUNA%2F8cfaQq0i5jxk3dTBfhWpM4JGxj%2Fu2phoDhUZRRIWQf%2FwqkPPlW12ZppgccGBymFq%2BEEoNR4t4K%2BuDo23YMCNp48lMrNRsfk6kA52QExtsjiKchVBbuQgEwUfPRY9WB8HkrVqIGk7h%2FTZZpHKe%2BHY6CZxBc0MSEhOIJfnMQcwhjq8jxqToqesmikwTxKOOHQAWswwF%2FXbouy
2024-11-29,年轻人买的水果半数是情感商品,18.8万,https://tophub.today/l?e=14c2NDQ6Xs9bPQdjJfrV1rQ235G0RQ5h28OecE90kbxBmzoBEJuSGYt85xw2RqXNMQ2ZqC2KFyMtWTXFKgVrQyu1zwTMRxHewvQuug9bzMPoXphheyA54DzC4e9iwF72%2F%2FWrl3mb9HI0L4AQt%2BOo94hJH7Wia9xrtioilhaUyUIga472U3C4LcmpepKDTljI7gu3K8hCy3NpwXrhkFtwQrUzqd98j1DWiBMoV7enFCxi1IoYM4havTMXL5V%2FQUAZOHpk%2FispsapMIrZNDPpobYoAJ3xoIcauStvLRpNzaZRBWgRJWzDmGeY%2FT9Gcy8SR7dPD9jYNxjLm7pIl%2B2h2LwpUdDHmSC%2BMNzHZSvwJRbMrRqcf%2FLXEkVb%2FdN9scMyktSdwRH9qJqdYim3MmBNtHjr1k6hF
2024-11-29,林一霸王茶姬活动,15.6万,https://tophub.today/l?e=a945xWfF9g5wvpGJYLBUCCXYbkQOub7I7P2ev0%2FCLb79u2d1COyvoZKZNnwOixvgqoFzbBf%2BA9h8eYzehFTceqj%2FmTZiyghnttbqDZ8pEKxKavkuDJMk5CNM5DihL2RXZM9eOsCEo1wweJa0GMudolfucuFcynTZ0wnt5kdjQ8qHH7%2BCD3xHLvlOguZ0F0qJfaW9enCfgr75QQy25QNjMKVTJwu%2B1kfIhWoRBZzHPFcIR5kjYtPO%2BCUyOavz3kVueMk7XOw%2BDk%2BC04k6bEEQsrhR8eJe9lGgD65%2B
2024-11-29,侯明昊无处安放的手,14.0万,https://tophub.today/l?e=9604fQNOCRIlMMqHnb5I7MF2HByhVugoghwuvtNvnZuSTW7eyU96kFeXLW16PekhuAkXVFizVXIe4vYk5X63%2Fqd6etNraGNpQA%2FVKTJHP%2FkIxyXixP3P5DPiIn6NdO20RAVhxTYMZ7ink39mEQiTz1bBcZ9Uy5prbqVtzoO%2B5LDsDXeAF8gp1bDNckdKBaAnECjYzmm%2Bz8d5%2BGjWC3qg0KFh9W%2BrTYtq86cgJCQprYgrwKl6b1T53QemsL3fwfH5KX3e2hsA0dXvXcAH8iO04nmD3BSbNFuHtgimJGWf17ThGHoHBcuTRUJF
2024-11-29,上海体博会真的太好逛了,12.5万,https://tophub.today/l?e=e257lZ3dFjMCafpLr86J1IT9sT4gB14S94LrxNRuD2bxoT0AM2q7yD0fBr94M3bEK75Jtm837gORBhHmqWsL4Xyj4CRIWg%2BB2386aRye%2FNEjh2TXDSfEqxw4dzhC0B28IVK3AYcW3kT4BMv%2F7N0doDp%2FdQCY8ZfM8K4DKqt2t2rp4CV3Pq1S4OymeOp6aac0w8fOWXbRn878gPERdYahAUyEifuUtY%2FNBM7HEekFkjrR%2FC2QkAhhBqVIO9WnOOrNhnTT6QvLQ8ljLw2zgmsikwyTS1Uq%2Bs3jskKwz2HmAW8s3Otoqr3qWOIvizzrRgJSnsTfTCaYz04xsNzmgfyoV4oPjXotpkC3
2024-11-29,容祖儿心淡全场大合唱,综艺 134258,https://tophub.today/l?e=e5f9OiEKev%2FhGx%2FfA5f9Y%2BzHpb2RHTdCzktyLJdMbFFsYvYsBGDffGQMwKcKZU4fj7Qmsw1PJgSja5JvyUGQ6JJ3O0sgZfD2Ho8xbrNvPraGU%2BL3Iw6MzdBG6JTVWbeNswpMhRvenXbITTYAUUvzAC5NSNRHKAIQu%2FM9nnN9E6ChxhPgkI4w2LPF1%2FQc6ZEO0YrSUybT00%2BUchTBOrg0O6w84dSVs%2Bi4RMCmhPObt84QGmCDteQPBY1%2F0OlJrCSLNbp7AONv6MBrlM6wPwUfzQVG8n7DS%2BbTbzjJypbYqD9R%2F2b%2FNYSKIIN9F%2BBg%2F4OLDmaJzAAOc1Dl
2024-11-29,王源头像P了个新帽子,33.9万,https://tophub.today/l?e=49a628Ilr8scROJPN25DVGQttX%2FFIv%2BSlNaifm%2Fi3RhKdYgFNMirTwSbsJx1laNflmFbQcxu2U6oAueFFZeia8U49898QbLBoFaaXshSNBccs3jTD555fy%2B7Af2m%2BP7XlpPjRQ95npmWwd5J%2FZSrndpx8dsj4YqYY6pFMTqVTCFLVTRGbV9ntYQM%2FmLHGpPR1lPEGCdJgNmwEIylR14i%2Fjh57LWW6SolJ%2BFwgsOlnJ%2Fu%2FF%2Fd5p3wLpfic2CbgEsveN1yz5GN4Kkfzltoo0Q4Nay7SY%2FBcf2FTRb%2FXwnLxxRQMZH8h3Q%2FZLMh2w
2024-11-29,再见爱人4第七期视频没了,综艺 361721,https://tophub.today/l?e=f626k1YaK0u0BhikYGk%2BQSFQk%2BK0OHvXmZRt8E1ZWRluasCBqW363D5SnEJJApnEYjObjFx0Jcsm%2BsXyv53N6rp7IddmA%2BA%2Fe0nVVnpcFLB%2F6iH580cBAmBhqsHwYHyP%2Bf2Rb4bm6ABRuJzG1u%2FiarzM%2Fl23jfcQe9k3HhgNIXJrBTgu2s83P04EJNrqF50NTgRy5uDtXIUSuCg6qUzC6TBtOvGIGc649H5Yfht08qoFv2lqTKAQ5%2BS373dCvktnl8D93ptK1owAFyg3dh74%2FY%2Fm4ssCRQb89b8UqJdkx9ryNojZRcaZVO%2FxEwnCzfu8jOfOtIgYHb1nb5iCMc%2BGr6lpWDgi3VGQiw
2024-11-29,优衣库创始人言论争议,151.3万,https://tophub.today/l?e=76bbPOPBQkS1Vq0lnvQ2p2XmSf9vcYBabv52lVixNUnbmNMD7Cj1RQXkch5sSCDTGXShexYiVGzN%2BLw%2Ft9sNSw0Lf8o3l%2BJLnuJI%2BWttAC48tFR3R8rgegowgGJUBlBekZEhsZ7HNw%2Bv6ItEYb55E8yzxmYA95eLzMGpA3N3qvmtsamxKIfnlYfECUXQUquZ7rlcKTJ1HQV73%2FGeJYNpqCpAgNn%2BbPypkQo47FiM7P0wutHhOSFlhDOZ7C%2BioUdocEhvkcpzcOVFy2j0KSQzUiyjv5fnODdF3cXENBMe26hskNGzeRinETSXr2D8LMlASONx2exJ2war
2024-11-29,丁禹兮看人深情是因为六百度近视,综艺 209505,https://tophub.today/l?e=a312y11BQ25HAWSplkY66kDjSVqUs%2FztIqtduYVd6BCceOmrlSEWcc62KKOvMt59qr1GtOXGdH4Q2gBfDVa7YgWQZ0z2IMsdHDvOwqcdNf5vGTbZVxL4d4GrE4SDft2nl%2BFF1w%2FchKRa7Rmx0hhEm9Ma5pzxw32ZoSuemP4L39VxjrjSWthwyj%2FDDudHmro1l3pQ6b4TgPwTNx%2FDfyMRjGmCO5B%2Br2zqjn8%2F9EwXj%2BaxWxPziHjcegojl%2BC6Yzd0CmZuKhH3tpahjLG3hp7Js4bxblDjjQzecPfBUl88RWR4%2BdkRDAWDNrddgx6JocXztInk9eIS3wgp4OvkLOZYD3fImlClLj7QPE6j%2FJFtvv358N6RdZNjKBMRTj0CY2D04Fw3Gr6aLVKWmMtBk6TZ9CbkYpsmdAfnZm6Xq9dPb0m5bMVD
2024-11-29,奥斯卡宁荣荣 新还珠格格,剧集 126779,https://tophub.today/l?e=7cd2%2BWi76DaJV3whnR35fLyDVgU8wjDUT0fLUzKiBdbCYWbdi6ORbt%2FFFmzK9FR3CDPu59se6HhXh2jLvNw7DP%2BLiYG3ClaNiDBbujArdUxszp8FN6WU%2FVNOzSGuKRhu7PDMcInfdmxOfX2d9snAMVchZuQpnJlyWgxcRl2Sle5pHNyIPdL5RyljLsIzLa8aHh69AlYcYum6kxry%2BQ%2Bl146lIz61Nq1LNebeLoPD2a0gvnk0FL3%2FqPqAYC0F4LAtUgShTFDBCu6%2F8ycpHhbYfYixnxe7YjKJOQVU2poxWxeg2XFDx9mM%2BHXzsEtk0%2BeGD8cVC9JEpU7g6DxlBvJm91RR%2FkPucZRxPOcl
2024-11-29,丁禹兮 包治百病,15.1万,https://tophub.today/l?e=50bbghijQTsgeWrl%2FCCMW7PNxsZRRq6twq5%2FRn9EJu0wpUCRug5xIBdiTxt6%2FBaziGsS6Sh4TPL94cZHnmBeVii4xk20Bxwq86ixnQcvkah8OxIkY3qFPIOU%2FGuBDvZBUdCgZtO6Q%2BNLmiS9i3F%2B9fsHi%2BYsyT%2FaLzocNVtMyCEuUJh%2FdS1cAJLi09O7RX%2Fhu88wirsL3GnTzLCIbXRKgGcauKgfgkNbStSJ9E2a4cOigtFWYhS8MG6o%2FDY%2BDBR2L4KNngNx%2BIDmzlRCmgc7
2024-11-29,孩童被未拴绳狗咬21天主人未现身,146.7万阅读 | @百姓关注,https://tophub.today/l?e=babfbG4TQZRJF9Do40JWIFEA8sRTYcBj78FJ%2B%2Bam9OMiz5%2Fd%2FsTa%2F%2F%2BnUcmLosV5s1P3mlyg7QTgDpG0OdkljiYMaPOOkFTEv2Ace3aEVG%2BUDGHV4f1%2B7Mum1ufQ4UJUJejmZZdbMo8nh6bZU20iFYMvGUEHtdUeQareDAKcF6WjBCekyblYv2ZQJ1ZM8Raj2jonDV7jXmfFILkJ%2B54xgaW2uiRlhbIPTlLU2TAYRuq5rFHpQgBI1eoVXLPxwLnijiXj8JmRs7gYJ5JDbcNWHjcXnFMbU4a0eeQbeEGGoHf8bYnaHi1FjvPiuYTA%2BoYgSWfYTVE4AwX914JJ1wEhjbTJIEFRYcMevRZpgv66iQb%2FaoDFXvRhNrsavo1Mu%2Fw7tmczgK4xwLIHRMmeEis4%2BV9G2lTqrq8
2024-11-29,MRC对战GW,13.3万,https://tophub.today/l?e=05b5vB9yZX7UbVcf4G7uwaYcrp1raAMjaEvxZru4DWD2LANlv5VSgQ5vEiygRtbiWgaeDftbAieZu%2Fvia5l4Q1co11X0XBYbwj3wal%2Bh2g2XcVjcKkTwokSLYUsZ0wpXhzrKUT6fRBSNMv3dSp%2BYt6NAchaVhtJkNOvU8kNqQV9fNVanH28
2024-11-29,有毛利兰陪伴的夏天和秋天,18.0万,https://tophub.today/l?e=6bddD%2BTwvHvZ3uhk1GSwPEzbxMwaDJnaaKZvQudw0yXWbTWiuWbWpMVaKQOkxLHfqiVfV0URJELaxKNBgu%2BB9nnEpMdUB%2F5MKuc3RDqu4ll3%2B0WwVCaK3g0QzBmGB%2F7En9YH2LiT%2Bke3EE5tRfV%2BW8A7VRcrYSXVRXcORv0yHmjSSrkxVyw7qPlhWCeKZiG1a0DPmFLqxsWRf6UIdRFPbK2rODdk9%2FoD5IM34W1LlSyKcDK%2Fqd8xgA1MFeSJVdV32d7%2BBcVB79yTqkm58s%2BFuS3VZPYOZ7VT0onLP%2ByFHEfnA%2F6VeQxRJJ5v8RvU8EU8XBezi80nKACKPllRU%2FalfmSAE7gmIVPFQb2TXggyECmFUmJqbz2%2F
2024-11-29,南宁一家长称15岁女儿孕期被砍伤,16.5万,https://tophub.today/l?e=9d70LJVp3IhBYZj8IkLjMbwa1rYBoM4ie7UpuNwxFkUqWL3NyyR7N1MbZeGF7ttA%2BJ%2F71j416DxNAwHUDkGmdeNPuO7cxvMaXASEaU9%2Flo4MMYpmyRzutBNbLECR09uBhTnBzU3fzKBc6DDdN5F2RVEgcVlT5yTPSbGxFGG%2BvdFuPkcX5NLMK4pjIokNxwMLI9%2FibOlsS6ppqfgZLryX1c29hFQDO8SmOOo7HiX1UwyVm6Nt3xFzOBxUVYXYOWLGA5%2BxSaMV6Ps%2BrUwi6%2BZEqEgRXHZkCxbdQNGVBMj5wfleM6%2Fz8cNUidSPJWQ14eotJ6yRb6CoxwfSYi%2FR6tBNcXYe5oadQ9DiNQhoKc1sGqo%2F1Dd%2B0xKh1dwV2OrTWCuZ6KreHbGYaR9Bk%2BRBMdyjPjGn1wECAFs
2024-11-29,杨子黄圣依 人设,综艺 141898,https://tophub.today/l?e=840967%2BSBbbdQtpgbK%2BGfUBVaO0RuH1NfJRIjadsQgpt%2FBWk2E3SkDgo3%2BLKijT%2BZa3OJWXtk8hUl5bPvVPitP3jTd1p6JGcPko%2BLIXmYkNphNlt0ggOtNUfmKGKc8u0sEV2CRNHbnAQh2dOADQLaQgVbXQjKHr1USqz0J7pdlEIZE8uul1W4kN%2FMCb207lNb%2FDhdP7UXKLk%2BWJ%2BSoMLRUGTt%2BaG4RqRa6jD7I1o%2B0WdVFZhTpf0YI60pX9Zc2toAUUhvpuH%2B%2FYV6Y1I5s4O
2024-11-29,张予曦 初生天使,剧集 127019,https://tophub.today/l?e=c023jRfT9JstkCdmAaPzlfr1Phx1RIhHN7p5yBlY3hxSfan7zEQ5sQTOnr7K3d5qKK1Og081FlEYtge5sWb0VO3FWbmfdKszkdh8Ch50SgBF0%2FJHUZB4n%2F7bSwL%2F9KCsaIK%2BSucHO7088LFmp0Cf6443Zo19m%2B%2FXVXPPK2OWWUANHMbZTrGz0ZKQxbf0MenidAGIPSfmr6hNnzCf1pwlxME1YUpBaZ25a2iCce6BXKopp0434CfdV6Tm2HB3o5LtTd7VV4MLDZzbJXTJdd%2FQ
2024-11-29,3人1分钟抢劫金店价值千万财物,27.9万,https://tophub.today/l?e=fa7dp2YwE1jZFj4dmbO4umQ6vh9qOsVRO14HuDWMn1OiWNAeqi0KYTjfDdZlguraTLaVAgaMizrnoWcoJPE3uhho7%2Fp4%2BrIqPlfVcqzC9AOQ1h8yxsC%2F0sSZThrdMcQHMHU25foucL0q2MzmJMdncnaENec8FdlmVrUcDuIZz7C1jCf6Lx4%2F9SqY0TUrJ0ZZBG3bd%2BKvXMprPVDgwsPgRDV90O76zXSkrzCbXr47d7NsSWjkx9KxEUpnGBUdhKuMjfKKwGvve3tjpORaloX1a3YA%2BZZ4LO4TIDrDCttMcOVVNxvIwcMtd7WALpJBjZ3xuFhacBi9%2Bs81VjkrU2jWxUjfbo%2B2L2vTGJ3RvQDygitlZdRGP1nE71iDVrY%2BBDb1WxjK4Hb%2FiJQ
2024-11-29,派出所回应山东一金店被抢,19.1万,https://tophub.today/l?e=366b4r9f0GvhEElbQeB6x8JvpvwHMbphs0N65ohVJx8nUq3n3GtX%2F%2FXzwPSeIXMTms7MhVPkoEwjcqSGjM1KCKZs6xrIo1sYL67CX1N3px4wWed9DZu8Ivhx%2Bd64nzocV9YwmdCgXi4PnuxZwJacbd%2FCkyJavz%2FjhVLi%2BmBY68BVvhBDpTrw0IogIaLCPV8an2GCnMoIHjChbrq82bj88mr11sTPdtjangsURlwvdaeL2GsapKYf2Osut638QkiGDePYHZ%2BAy1upZv%2F9k6AKmAbcf31FW6PxBmVLDZ%2BilWucBhVGJIDobMVSlRIXP68eQIGK4kHJI98Wh5ZDDeYuONhTYHv7JfAAltNxiv%2FUbPBaWfejxrcY
2024-11-29,珠海户籍居民可一周去一次澳门,15.7万,https://tophub.today/l?e=883bjNtS36%2BsmWCJOCeRrWnAcCUfaYLbpZmbIZIr7Z1WkoI%2Buwk9%2B3xMJxvuuC7nie6N8nB71lff4bkLF8NjBbCT%2FONMqNkfzMZ6Ywbxb0HWPka%2FynjUm2npP5E3TAOiSx4At6POFjB%2B%2FF0X0%2B39RP0KW8XbTxLAh6Ym9cFg8x3VNMeHoPLjr%2Br8d6yOS2BB797CPQRP5NG9f8Htze7rtPVV4j44QkK0mctMysMBoq7o0EhqX%2FBX5lYCZ0j%2B2FeDell7hWCp6D5oAnZ5GIvmDsWGMtdq6Jn9IxmmYFKM4vLxVC0HGFxjgY%2BFUFVRrrqf2C0Twx0jxQeNhfD9rXyAblnvwcoFga1%2Bj4AmdEp53F16dKO8HHn8DMIez%2FzEbvuuNNtSVDdzwacbEmcK%2FxU8fvhHKCZe
2024-11-29,蓝天救援队辟谣外卖小哥海上送外卖,,https://tophub.today/l?e=3612Us4w01do9P%2BQCkH9sLWhZ2qDxB39mrPAFnRcaaqiD8V52ecYBe8jDH20r8q4PHfqlgQ4P1H4dbPF3zD%2Fvaiu55S3id28Nm%2BkGhpB%2Bzkosyux97xYCrvThVnVW%2Fppru0sYeJ8wVxOrjXH9P4dxkn16ebn4TdFeOiDHoK1U9R2%2BHypr8mS%2F%2FqDyp%2B0P6epjTgxl5muRjHyIkAKXXA4KofhEjZ3JeiqqXyPKtzF85fakCgZIchpgrM36dvRnaKUn5UV8%2FNGUPrdBnA0JDU%2B0agwmkLsIan4LQ2loX4DsnF0DyALLCfcu5LHpXcvdaZjrlyUBOIsym%2F7lGtIs3X8NZAdtgMuTAADkTibBl1X0UolrKRVKjBJPGd8fjKrmBgDk94tJOnE5kz73tI%2F%2F5nXHKeHmFGuCRkcgVJ0kdb76WKXioPFeh5ip%2F2q585RJCU7KbSP
2024-11-29,卫兰她整晚在写信,综艺 136195,https://tophub.today/l?e=6ecdYjOVON620GEdqGHYt9XKalOJgCftVLzQFPzKXXs8ydyLM8Sol7iJ%2Fm3gGRkcT6XzlalzqbufvN99xb31i%2BCU7oOfvAjy%2BNd897MZcDODBju5rkLQE1C6lgaEjKpEy1hVfvhwXottWWihNtrhlAU1VD8sNs9WvtzL7UeQuB4H4ZaGsFGWtVRC1bE377zB9ySzFdqRjTw0JKM8H0tbvjhhZ0x7B85EZNbWPYW7r3XnAj2X%2BCYztl5wwn95zuSoGCEaxul9Uk6TyOGPUURIpJjIAI%2FjOa3GXDgt
2024-11-29,鹿晗好拽,40.6万,https://tophub.today/l?e=b033uM%2FlQuVhav5Cf7JAf1tyl5ltXSnk5Z4JP6NJ5Leq%2FF6tgdib8QlLkvHEEqRFVnSoMfztTUOLf6VWzcZHNxKCU91WfXibE%2FVd2BCKpsic2S4Br4RYXCScIBGt9X50P6opxvJCzN%2BBxV5hQH22ne4PNdmNsQNZjsvafNedUqRd7TlrQ6JTBZW3wpRMOcLn3z9Il2ycHhv24JQfnvwu
2024-11-29,108是法考生的幸运数,17.3万,https://tophub.today/l?e=a7efrKLaRtPZPOHoq1KBMjsIfqMb%2Fgtmr5PcZsVseCFBDbvqnKMkV%2F41E%2B7OR5%2Bgk7tphsEkrEgTxzGWfN%2BdUClaTq4Umzc%2BiOi%2FqoGwABTrd6B6aNTYzwuoFFSmR2fPAHc%2BVM0p6azOiL0Hdu4sduqqsbeqfBmwic86OxHCIXqyqUbLgkiu2DS2p9TowCU4TqcS3EwqXPezditGReGa72pgWwNetKRH4A7JHmTJzyzOwAFAN%2FR0GGMmrj4yvqJw%2Ba2Ydl5X8r0DdYKTSfwdrIc%2B6zEW%2Fi%2BW9cXmJ9Io
2024-11-29,NewJeans解约发布会后首现身,16.5万,https://tophub.today/l?e=7d10oC1DM6Ycb%2FXNKx%2BMaRXXoCoxG9b%2FyNBFEhl3wPy2vZy9PXFRP%2FKULTQuhREGa54I66uYsa%2F7H86IymvdEFzJQi%2FrNzAjTKCmDwEN4RqospmIu8nIGtVvnx4U62J7YWBNft849nGtswSHbjz%2FTjmaRjcB%2Bw2X0pq23GusQGQTqTNQc4vKSuLoM0YkyH%2BPANBHwytxv45uLVlV%2FW2cY1cuy33BPqvEmwmmDFIgeIXVD8YDabS1gZcuXOr7l3KBzCgHD7WfrGUcw0Ewf82RrJOETsoM1Vcut%2FGvyUMaovw6ShGa1PGS0Vma4snc0JnVdK4
2024-11-29,唐嫣COSMO文艺女主大片,16.5万,https://tophub.today/l?e=04f7Pn%2BEKurahAZSuE9r8VIGg12AMS9uDxo82g%2BMaBUOglobvCk8T2o8iwINvkw9M7DzU0uXbjzUxiqqJ3PyXyXZtkmjPPHc%2FRrbxAVDlDJ1XV4bF0hQBynP077ENC58AmEvF%2BkhEQfKByBAK7F5PlfMmdsqrhZxi2q4LMtCGRcBISo3YPRO3sd9FWACkRK6b5nyia%2Fco7unvuWm%2BzZjpCyoRM0u3k1o9vWshjmG6Zv0aY1ZBIHaW9bTF7HJak5lCenwrsLU3zztb%2F%2Bv%2BjM9H%2F3MQbyzXRKzC90DedUfXFY
2024-11-29,何洁时隔十年再唱rap,综艺 181138,https://tophub.today/l?e=059dtdQG2Arwaxtf0K%2F1ZFAEAydaJFjWfs8OTfzRwkqp%2Bhx4g2pu%2FlzbhkH1ProQN%2B6je0c9AAVFC9Fv6lOBKZQ7dUsFAC%2B%2F9GHCyisnSdhhBeVabgA2vU%2FiIYNZJxIrKjoBuq6Cnpde6v7jonvb5aKyAOh5jbZNt4wnbW25XupGKVi2D65RaSguei2cmyHuLBdoun%2BiqMcILQDPOkENzuQt05CxCXQ3spK8MiWwv6GtCXpk9ZXnyevYMpD6XaB3Wmt82zMxE7O5oqKbPM%2FrtUYTyDBu7rtFxXvj7DGK
2024-11-29,古巨基cue宋亚轩,19.6万,https://tophub.today/l?e=a7eeWPowVIYEI6F2RVG3dazlx%2F5q8tCex3PuNCoxKnFPKtxFIAANVNkD02i5byyu8LKb0GZxk9WCL2%2F2VmzkqsSNx6bAPILTgwc%2FzXI5zFXnr9qfhneVWcPRSzRM9Imwrd3UmvTO8SxzhBovHSjCXOXtNYwL9w2W4SjK%2FS%2BSi1kFvf09v5sHah3jr0bbv2BKGUXU%2FETqSu7lNZBOHh5BFGOmszEkykWPlDlEbo6ApSx%2Ba3OPe%2F2q%2FYbZOgcKC3xU
2024-11-29,WBG官宣Crisp离队,12.6万,https://tophub.today/l?e=e068eZGuH7aGXNJwLguE73SMIZMxDXikGxCYcOJVKnS5e3Jzumcg5E3SAayiUhKxT5MytmcNsmVwYj8gw3tpIfvr3rNCmeqnDOc6AA8ShhRs8IhfCrghMQs0IUDWaYacVfpWmCym%2FeGMaXxhqlf4rZithghmCNK2hvSLAom%2FDB7ZUU0BosTk11BTr4M%2FY2DV9iH4KI%2Fm6RBgVUAkvYCOy%2F8ASFqJnNI
2024-11-29,11点05分是郑思维进国家队时间,14.3万,https://tophub.today/l?e=4170ToiID9EztVRdDmnYPBu3LThfJq6OwARVT5p9tYbawko3uAX7t7DtgctZmdBC7e1Hk0zpyVul7AbyAWtOJBBxdUPl%2Fw%2Bo4KI2qZGVRK9pc%2Fd3gURXE87Z5%2FxtZdIj4T4P3XF5TcK1PU2qhROCONTTGP72YUHX3aTsT1pVmOhVM6K8Ig%2FoTuA61xQSP7mTWbVD3x7sMkUCrDmE8VUEL5sa3HecI0Oj02xI69nTuyNVO8IPFrSj2U0ewWc2ZKAQTz8YVk%2BwORogya7JPqklXJaaRcTo4Z3PkY80%2BJnLCsWkz7JB9CoxG9y%2BmgmDqnB0UO93lUyuiQSTT3QOXCL45oq%2ByJZANADgBp9K3Bi5CZJfya7vKhelfyFPsA
2024-11-29,黄雅琼回应郑思维退出国际赛场,36.7万,https://tophub.today/l?e=47f7HsVymkY7gtV78YRMZWVKib1BqQDgRn6LguSLlGsD4oWgIHwv2ENhaie2k6L4VXl1SiixNm%2FSB%2FARlNy2Rpx6V57Z6iVI22X%2Bcg7S%2B%2BoI7NKSJJktvMSwdYYpuIz0mBXnfN59J46M6Ss0bSJd28n%2BduiVQVtfwBoT%2FLYZLvchu%2BHeWPdI1T3eZQjvXeVbsKUx3uADZK7R5Scz0xoNfkKDAXTLxLMZ8AaoJUt%2BYmupqyhYrXkBEyP4hHPn5%2B0npW6DWCQqOhe6hYd%2B8g6DYpY7BsJ8jzdyruFAYvxIvqrcfDVA11ERNv7xztMgINsP3nrDPEkqwOn6BWFh2O0qZUKtoWhQ5%2BjvaixGeBxjdClrEYUl26n5rsnvf%2BJ%2BrQr9UxFdp6jFJG1w1D3GinJrWRKvHZLR
2024-11-29,中国奥委会祝郑思维一切顺利,15.6万,https://tophub.today/l?e=077cyhPb1%2BLssy%2F9NGgQa3HBvGjX46ciRqHoRBdIO13e%2B9Wgj3tSyy%2FbcvdvoLjK8ZFcX2VKi9BjG0j7Ph3rfCUN0XFKt255S9K4Xy%2BE34eW%2F%2Fgfhoru7%2FKk2tmgPJyx0XF5F%2BvnZlbdPxfSh9AS8oT3%2B02ltyoyN%2FaQeMCUaAc7BGoyKg6oB7afkeaSJEPBaR0N7HOO1m5ui0g0hb%2FFSoJxI2pt1PVg4lTHyENBS1cg%2FS1O3rUrrvA%2FHgT5kQql5z0XShhIyHb%2BRs%2BoPU52X1wRMor6AE2XOyt3LPFAWooKryvCNMfY6oeLexoFUR15wXW7i3faeOpM596tQHDE2QPUobfbQEFYaYVZuhyEP5%2FHrLA0gzEGofMp8mqlcj40MA8o3fwL
2024-11-29,陈少熙预言家,13.6万,https://tophub.today/l?e=908aFQmgP2bb3YBMYyFAsQkq9D%2FHmPah6VUwhYGvd8RxEzgKdZKmDaCafIED9eKglSN6pLSMOkBihLnlj1mOr3HuAphH9u7faqineq2rQzOnbgp4Mrnjv0RLlaiQa89UdiLniIzGSc%2BT%2FbHlJYu2M37pvZb36iqW4%2B%2BlgUag9H9Ct4mz50EC1jXLV2%2Fp6e5aICo7NFPmxK5YC3F%2BRIgvpOpfEQp01pX63ygETKoU4rv%2BUFaEOQ5P2afL4lWc
2024-11-29,羽绒行业人士谈生产内幕,13.5万,https://tophub.today/l?e=b0b3ifRi60dnfOnvAR4rpo%2FCtmDva2zsomkNxH1PbM1EhLLP%2F7ZblUt9uALyDtS1xjPzPGkjUX2PyBzZP2xjd7tgtDEh6Vvy2lhf%2FpyMy2Qcena3qiUyWIDkNDIN6nVYHI0AEJhsrI0dIocLQP2sdgR6y51bMe8eyG9Uh%2FVHJV7ZoH1pJV8Tja8ZsHr46AwILoXwZTzKjPXkRq%2FkTsC%2FQ62jnyVw52CjdvXgKp3v%2BdaU9GBvarPF9m1FZNHy6KKNRQ%2F0MyGpDADUMghaWHzH9cVQctB8Z1h3%2FQSgUOwzBqSs%2BX4a0HOXFc6jhzR64IWN3zgB9bGiUe1B5AhNHSTub3d4asRZ1O3O
2024-11-29,官方通报学校食堂吃出青虫蜗牛,468.8万阅读 | @新京报,https://tophub.today/l?e=9950IzLDhZ38KOV1J8LMmlbJonEE%2B%2B8ar%2BbGkG0HNgpuS61KuGHxZbgE8nX9f%2F5ZstwFFLP3Zb17RMoSLXVtIaKkjT7mLxl%2B9rBg9u%2Bd2i3SE8Z0sjdetWnpsYETcrFbHrHzl4wXYs%2B4GUpqE8pu14VjUU%2FJNqXnOaYdQCbKgEtt37EUSMOdWPr27q7He6HQsdBwK1%2FtDRDiopN0wJCDvUBeJZrDL9Cj2b7FObTugcUwxwwXkn12OyOUbvARm8VVMo4J%2FbNkKi%2F5ouU5lqifyP62Oyxfman2tjt1ZBGyL%2B%2B6Egywx6jgy%2FfGQtoGAEMO8BlygFpNOQJA2iX4JwEpJXtaHeh8ocyfCmKSEwBLjP8diF%2BFTlAn2W9NItwkT13IlL1orjGxutrOVG7f6cWekj0A3Efo
2024-11-29,婚内婚外老婆情人饭局修罗场,剧集 116034,https://tophub.today/l?e=6203DkyycO1kOWcTUTL6XGXK36LW5UzMyZo%2B7uEG1qrmlrJd55t9RA07I1K%2B7BPHaQXjlrVveeYS0ZHUJEdre0vwE9mlJ4CgZP7u21usOBEo0jJ%2FOmwxK48Kt%2FLpwHGyPNo1VGuzrKomwjRquMPBoJUt7OFu2dmdMqleCr1dx2GE7r92KsZPY%2BLIYAYG2NS3XG%2BAhGRp5wBqw0FdTgTedg9DjKup0WsDikI%2Br3CYPnMFLFQVG08Z6Q4EO2zm52n1oGOQ%2FZX3l8%2BOvrp4hqPsQDnQzAsdumRSEcmU2KnmSRo3GtkxCJ79MQnrLuXYCY7F69gSH2oWFKH8DD9uF0sdnW4Wn2JIHfilQBA2JXA%2Fn2ZPW9DFz2N82U%2B45kaK6ZT5yiUSIm%2B3
2024-11-29,Puff和Langx和解,22.8万,https://tophub.today/l?e=b5be3kXR8qr7nvwx%2BuIOgr2qcyRjbTU5ODEM7A7u%2BkIV3gfkGstoNNutISjEYoMsE04JCyR0F21Ygcju72G0cDaRm7MPz3xXqoDg6KfoYVgxb2M38riYnQCr9N8fq6BlIjGe01OqyFlPYgtvA3yybWVxodlT45QgRuVLbN5RlCJh40nsSGB69LbPtkHt%2FquQJ9Szo%2BPK79Lp
2024-11-29,国乒备战2024成都混团世界杯,12.8万,https://tophub.today/l?e=4459n67dR2a0bR4QICeoO40CpEsMoRozEx2rzhyPoM0bGd%2Fx6HVBurEW%2B8PR4go7XLXTpHn0GwY%2B9Vn16vXUJmVAHwnSLIfzjMtqyqwUfz%2B4qOOcC0Cakeaxna8t%2FWC7qqElmhHa6t4SWm6WqK%2BB7ihXlEMPgjHsm1NjFG8T4ZuAVdbHX%2F42mqJZn%2Bl0ygMnPbzKGQOxGQiNJQx4HtLhtv1xx85w%2BXep%2BsYJh9fQ6Orw2cZVJLGSAZkCk2YvLGCYTzlJJk8yX%2FCcUeC0c5pD8R0A7o4ARYOxR3w7URtvZxc%2BVO2c3QF9JFjKMEZlut8%2Bs2mD1biQjnHxRGrac0umy4arCUY8z%2FMXM3J43Q
2024-11-29,苏新皓我记得那天阳光很好,22.6万,https://tophub.today/l?e=24c9epEsiPqndv44ixstg2%2F%2FIh1DCdxNoZFjWRqFBGCRJXkVgoP2BPY67BPbZRyQDbUVvWI0nsFZzVBclhaYFAC5vHywVoJgQecy37a1eAy5tJ4fMmUxh1QAs6jf1Y4eHbEKQvVi9PFk08hziIfW0hj7fP9h0yzoBAe10uIMv4UbHzPH2vXcx%2BDMU1WET%2B2rY%2Bz6UzPoyR43x2TqmLr86FvyRWcUA7wiZqMJxBZAaSWd9WhaYK%2FH0N72qudIm2wa8Zu434kLN2%2FKTi%2FFvsSHMaI6KGuHDiysBPFUE0NdekdLwGsac4qCVCGg38wrChq2rume%2Fk%2FdyDuph2%2FxiZfCSZ7durchGacvUCvNVo6Hq8dTyDPX7hIP
2024-11-29,金泰亨单曲空降,音乐 168164,https://tophub.today/l?e=90d1L3dpbUpuUIPWbWjuZ5mA49nh8DNUIt25OOXmARMWpp%2B7iiF%2BGeyZ5cfzNlK4pLMNkkJI%2FAadFVbxUinzCr%2Fl8MbfdZ1r9FsSP5Ap0X5RbSTTLmfnk4vHb%2B9TYapka%2BpkJ8gCFKr6n1O%2FYo7%2BIqBztYL9QUgv43BinxmoJt3DU%2F8M0wxOryb6nDhOlDB02tFbhEaD6HZ8yd2RjgzX8Q3qnoBeIx3oV6XwzLjn4me6MMd%2FiLsvGgZENqsFfQOifJGELPjPNOanHu7w
2024-11-29,唐嫣粉发未来造型,16.1万,https://tophub.today/l?e=39b0R%2B0jmUW4eJaWdvfqUU60lg9iUzJIyI%2BCyP4Xv7hcjyKm0cTQyo%2FhTyExUBBhELXDbAUqvCrqz67CA%2Bsjg4maqYfLFXKylF6jH6%2BlH2GXgBgeOtCRRJegGldIrCVZHsSPf3dp8QAyFQhYjahd3GIJyg686ZOrmyX9fxsJlaoT0fZCVgyPfqddqPXxdnKzc7VCOvzaTj3UTW8nEQSJc0RLoUJxdOLBWZ9iLTma5EWRCPTMrOxD26%2Fj%2FmLOHCgF8keyRNeSBEt0kbJEkvMuUcaAGF5YEORur4ia
2024-11-29,冯绍峰接想想放学回家,39.1万,https://tophub.today/l?e=3a6eCEepgoh2WMiEmr%2BJ0oE4fqcZz7MT0h%2FdCijg3%2FKyayA7rg2JeJXAuR%2Fafzxnr19aEoSDhdOjWIpJ%2BjZBTOGu5HSx53xZi0nSNMh6Z2yC7%2F9JZra3y6c7I58KQkpuQ9FXCSBgHdCDxKz0wvo9sqHuz%2F89EXY0xI4ZScGVHpXZSJN17Bp3HGQHQhj15XBb6ps5pTyZPNq5VnSJWn90OZqx%2FoZi1BcgOYS3ySjtavGEDIpNMY6FqNBcLguFvVixm9P%2FMQEE3k7gdLyCNtDUfm2mWQnP5LfOK%2BCEdjmNmYY8nPyBV1YR0gW6o5NFlh0MUSQrglVKykvu
2024-11-29,冲锋衣成顶流是靠什么征服年轻人,13.9万,https://tophub.today/l?e=40f3oNjq20anS6u%2BXuuno1ypRj0w1oQCLPcZ%2BrQXjt10t4AEw355%2B3KfEERexHX%2BKELa7agkqNNEPKjAtNrCtY67O8BT%2FzAK3L62FKcNs1VIxE4Oh25pW1t9O2prhLQ59wqRklEK8D307pkrL4ehTQP5KUdJRdtB%2BsgUQZ%2F8R5zWtDSb29CxDZtKGA1UY0urUxi3VNmlSgyjCI6u9B1ZDPNml1fxwmJVK3BdAjawdKlmrujRQZApx0ZojDvKHzVlmmnUECdrGlm9EvM%2F48iKbMq%2FYtwnoMW%2F8dB7UrLPI37PqwBzUFeUpBWHbD6oNAUBwwCngaVh1a3IPHOzumBJB2M4ZF8n8l6ztP6ipqGqucTpBLk5xa%2B%2BZIA4Hfgm6Z8rBN2eOQNsjtNxxbRNsFDXhmkDyH1mdzwDbd0ZNhq3PfpefCmF
2024-11-29,闪耀的恒星含糖量百分百,综艺 186584,https://tophub.today/l?e=a4e6r34Cst5zWjdLf0Wd003BesZnnSSz8uoBDESHufh4Dcs7CHcQvcLWGpkoFP3welVc6m0FVIAn8BbpmWMvn15g9if5t%2BH36MKv7Fcz%2FLQq8FX%2BpDlmDJu3oXHu3UTR3aSvUYlFoqoZWKfIXerVgM9mut8htGjaMo%2FDvQG91T9n9lOhShloa2rIuX0tzCpX5I%2FA%2FtTUqS60mvAWe5bAmUTlmcFgUyVmnIj%2BoVHtoRV8dOPJ9NDSqBplfC5gwKzWwgGb2psFFD2VPrkYbS5u%2F6NCSb9NqBGwg1Tnd3I%2FU4bRtlHUNh2XncPJmt0bvkMfrSDpS9fF%2BWYD3Jxn2U3N238x9VtfGQzA
2024-11-29,赵樱子出道12周年发文,19.8万,https://tophub.today/l?e=5c59b5thTOe7vuYg0wd6wuqJ1VNEnG1%2B3JKmgB7xkLO3V1ToivqjxP%2BAsPTDynLaF02bv6XMYw5c55FrKn5EiCA1QtKz6b2zbEFADtOOtZgq4FHReevhB4WhYJ3gXll2N8JpzAV%2B8WnhU4WRwVXV0XcoFH3JYF9X0xQdQrQb7TkJtbDgB3HBVxMt8%2FmU8%2Boc42sk5%2BqziHYS3fSGdaW%2FS7PiIiZatNO1Hcx7BchUDxCbKEX7iM2EetFNx%2FJvPJf22RwPDKO6i3W4DH1AGBr2ZA3yDbGN4uJoVDEabCMB8tXzhuCQabEu5FpkmuA
2024-11-29,世界羽联发文祝福郑思维,18.4万,https://tophub.today/l?e=25d3gEBV84lP%2FIvDhzh6oEzSnowbVJQuJHcAGMdmxB8aNvwAhQpZG%2B7kiiYYK1jVfVAcMUvk%2F%2FD%2FXyufTX77VlZaf2w%2FmOA%2BZtWaBZ7SRisSfTsC3MRtKhuSEpG2aQWUAw3zViLDQYrR5WKFLOuFvuBLgU0dLto%2BdrVfdOCwnvKGmyyJuAcL3MxYmUrXqfa6MGvvL1P%2FwXO7ANM02AkpHPx611ZYxTAM15avbzaQuZdHPM90GBLGUr%2B4L2RmMWR7I7cGWxw6D%2BMcqZ8BT8H%2FyiXwSwyWCBY%2BdJsmhTqjrUo6uiyxJUvPumLET5RAL%2Bj9YLwXitXLd57GJ2rOatra4vCvucGRsoKb
2024-11-29,卢昱晓看预告片才知道不是自己声音,剧集 156116,https://tophub.today/l?e=8810PjkonLbyXALaTU8HPPJMq6rcWIY0%2BrFU7%2BwmNd26QUqlLj8eIGV0OJsJkNB5FrgbYauIsM0uVQTvtSI7eFy8BsZ%2FzznT5RF49c5%2FG%2BSkvRS3mGaKlTHUanaJeDl0W6F3aoY8gyBO0BcKD0wWrNyfZ0AYmPXf1CNB%2FBgkSvWhzJcL6REj9lmrZtn7bUIZ2LFEqB9Gx747d7nEIX2vc7SpVL6luKrBDevr7uAHMnrGNl9jmpgUVi4EK75hv7eaBkClRAlSiq5Cvu8IJaJlH7rC%2FEPdkepecF7ywVinvRl8GOagT74D3UJV5OYoe6XYB9MNmhgcD%2F1E8UuBB9Zyq5Lr%2B1V9GpF6xaoRg5p0KVuMuzu9MNm3wfe3OpoPGo%2B4nSZWHUjB1dlg64cqgL9Vq%2FmnCFBGRs7sMf699xVXGkWVTgrdBJykCgkAzaYbUpf%2BhH02
2024-11-29,孙艺珍为2岁儿子庆生,26.0万,https://tophub.today/l?e=9433SMauUzdeojdlpGzFBcLevWVeO49xN%2F02%2BuYQTSKxS5F5A3QF81zP8B4RXCPhPOmHicoknSykSqy%2BmTyiz4CIr7cY22MdzAuPPvJXZACfDNySC9ENIdAWGP8gzQ8goz4sgtWSkLZ8ywBob2Hq06WGz0jUgs1ZVbdqPIL3HlqD%2BwtUu6Q9JdiYJbIR%2Bj6zeLPhmq8yibpEGGe57iKV6x4Gxwi79V6dSgscdLJFlay0ffGuWOpq2kv46IMc%2BoP90l4xQ9jNi%2Bq2c02K0nj7isQzS9gk5XYnwr2DMiNStRArEYgL8XJIUl16Vw
2024-11-29,田嘉瑞新剧民国版杀手不太冷,剧集 142358,https://tophub.today/l?e=c1fbiUTljD2hwJm6pyk3o6HVA0oLLuw5N7n5Rnt4FCLeZEPmCb0vbM%2BTnTApzsagRtl%2FKh7VSBZCPuNbRr1GchnhwkWiK0Mg453%2BO8zrVx%2FejY1zE2yoOvawl7gL%2FnFZ7X5JEBwcu5sIBmMkYRUnNRMZ%2BuahKfomjA8KJEgLdXEwEzNokrEtBpsav9uxiEugf2lx2cI8aVSj4wNOT9i8%2BNuPUGWpsW8laJ43uAdh2LgEE6a794wxkdvtt%2FouMmtSIYPTynjY2O9Co287N%2BqdNABCXtCI6Kzn%2Fz6Lj6DvncV9SSQEO92ZG7wDMU%2Fs17ROd0ioFG8%2B9pqvb46KDOB%2BYn9Fw%2BpyAn2BQqOW0Yw8sDY0qks1E4MR%2FfBfp6I2i4mTrca%2BMMAq
2024-11-29,央财教授称股民套牢是好事,14.5万,https://tophub.today/l?e=cfa8JEPnsy7VWscH%2FU%2FOLHvoe5lyioNT8tkjcJg2pCpsvgv2zrlNpONavQUl0jHaSANuIIEtZWGhHqJ78J50tvS9FCUoR5ZpCarFfRRmlVdqt8UVlx7zPf8Bu06bX7qZOmaC5k45PwpfzBZQzjR7qPUioY%2BRwTMtxqaoJzDl9aRtf9bE8%2Fa1R%2FA7WtruPgVwNhPUi7crpN96vZk4tXPUFi16mek7tgDsa7w6rrpaPqdoRb2zxjEBsmQcYkxuXVpY2Yji6qrjea0TqRxNYO1Hg8DCCTstspjmUpn6QRkHrFCf45AioGttYx3uesdzpJmqYximQOr4SjjQ2ETVHO%2BdyQ62x9u6RbZmHVPL%2FB7zfakI3H5p6R0c
2024-11-29,看雪当然要去吉林啦,11.3万,https://tophub.today/l?e=f436IrVEqz4KnBU1QGM8vXaFwKZRqxmAzM%2Fw0wqwqaUkpUmJd81M5gbeGzpthIV1zj%2ByFOGtIYp2n2iMtNXIZFe99ASPo2LPZpylxiLTe%2FsXJC76Wrx6y2aAqP903ggfTVNvyNlikCCv2%2BrXC%2BkfKrBqBbBDsqoJqajeRRyOwz2MB6CKSmVDd50ehMqQhQKXRS5tZnWPeyHMqujyk792YwLqznWTMhJW4bJ3V1%2BtRMdhYboy5fT5rlcmdruv0%2Fib%2FVJJQn9b7WQ7A3HUPNscuFirG7ESD0IcpmjHbyZW59pxw%2FiZvww6e%2BF7
2024-11-29,筷子用不好可能会成为伤胃刺客,13.2万,https://tophub.today/l?e=d210jL8QUsTe9a4Q9FUjx4BlC5ItmsZiWw1aEsGtrehtFDWt2keRVGOFo42GWhnHLE7C6LXtEgUeEreL62I62ZLnU5FVr4ERT4Do38Rm215pq3eXHnVU3AyA1QW7JNMcFCHUA%2BdWCS8yuxJtcHWZLjuCS0wMPP6udLjtQEZobMhGSewkErGwaknos2jNke6KszMVTthmpSXNenZz7PM5%2F2bUMYeJIBcQVcVK7AKKZvqF7oVECAHA0hIrwuxAGLvgUfuYmq2oRJt%2BA%2BlgMzaI1tsptJIJMXGDCrKWsj28qdWW0aGf3Kjfio0fJVpzTVP3RwBsXH5bjOZg1DcczLFOs5%2FJmbYmD4ZBQ33MGQsQJaBHQXAJKSTlEXK4%2FVvjLMlkZjgBYlKo73m%2FEW3T2lGerrfAcVx5
2024-11-29,山东一金店被抢损失或超千万,42.0万,https://tophub.today/l?e=550c0gQUhQWaPaB2cY%2ByVT5avLBWZQehilAUd5r3WOYk5VVvoykS6uUCOn8WUCxQQSDUmnENy5dI1UwoVS8G2HpYztRNYdeSdq3e6qn6dtsKgtN7yBpgvIOt9RjZGPwBkbriPVevDjd7Tl0gX46srvLOicjIGGirHVHOl6TGfzEjlqpQrQBzw6EMOtDiPjSbTIeuT9PB%2Fx6X%2B%2B6TkrZQlES135fPrjbKuNwAHGSHEpcuH6IGl9QIGic5ISUlvy4QHcG01o8%2Fc9yWoQjJfT3fg2rHb2kxeJ11RXOwtjGZvaJQ8QXMQmnsTbWgajheyMH%2FjEQOeAbrCt%2F5OzcvV%2BSXR2AK8CjYuzo0LFM9U8UZ6WUFLmyVYRAV9HKS0LR60jSxJBmKaY1W
2024-11-29,张杰第一次平头,音乐 134225,https://tophub.today/l?e=0d86ujk%2BXuZ3SYpZsY4rdlYzAtsgzgj76JwrvCBhDsBvLqiY5FEk90rCW9%2F%2FgbkNzgL5cKBdeOe9w6R17RwPpsFhQdF6Ix18%2BmwaQy%2F%2BRzTtatOghUAOLmruq980t5QORVVtwl%2FKGo7MBv%2BDxW6Fnd7YCRYFNQ7UTtnEMnRxWuFMHfD5qrSKjYfMCk2bYpQ59mDuZGsxSvOaXkKX6D7sdjG8MN21DzJU9lAG%2BxyENYLTo5rccSgfelaW15VQCVum9qy7aVViTKtTr2mO
2024-11-29,曾舜晞参加尖叫之夜,晚会 223911,https://tophub.today/l?e=b1e1LtPN%2F89YBEk2cT2sXzlE5Uu22K6VbtjRWSXhXHFLnA%2BdVLFl3SP25C7cgsCwEmbLFHYyO4HiEXNWFMqv1f0mwKSHBmh7eM%2FekO%2FZ1W9GsH8mqhg5UD%2FE5jYqQXpulqqX9ht9T2HkL3RL1%2BbQJM%2BnxKvs%2FdsqalVkOtzh5u7UaIHNwPeUiI%2FUKcDON%2B7ClkkpXfJetGY82BOz6Nh3lzziYAXON%2FEhNgq4qBHKT7LWGTisFoaoXJ%2BnlWp6JGL8jBWo3%2F5zCY5ZIIAleFhvdj9%2FdnaK4%2Fhf7u9PnwVj2X%2Fj%2FVRJ0R3UI%2B6B
2024-11-29,关晓彤王安宇再现跳舞名场面,综艺 116507,https://tophub.today/l?e=3939mHS6B03j00Z8RJbnsTicssbraO%2Bb1vtaNsgz34cP4NkKwbg2ZUfmsGyxxc4t4BNbTTy5s2Cx72ovf%2BlKgTllWbg504Z3Br6R72M8vQBApcgoy4QnpX4TIklkCWyg5HdSeJPoM8GwColo1vtBJLanuu8CMKHR8pwZeAF6k4Dj6oYlqkFxo%2Fu0PO203c39SnHjcMQpBClMsv02v7iQiKmTdLxeN14o6cN3w%2BpBs9fKmeoVGZ5M68WVvoIV6WOXIo5mhrQNzXicJ8WZ8K8%2F%2BA1AW%2FrJaX6jzseLH0BkUTJXXcpC34nAadDp%2BdaZoZeMiBMH5lHOTFOOtr190Pe9JtlIDTDV%2BLNfmzxyLQFqJT5Knlq2VV77oIMBSTSUNIhKWGBfNBE8
2024-11-29,妙趣横声一同框就是花式发糖,综艺 139199,https://tophub.today/l?e=73ddaM%2FmXD%2FxvctqXvWjHprkWF11N4FJPmU1eyUCuS3DeidGvhTzNyQqy8%2BM74JG3E19xGui6F2zV1YOU78VhML0D5BZHtrcx5brktlCpp5XjouwOLY8ncYZJ49txsvu%2BIelYccR3%2FwevI4y6dTGs4fXKoe46MfC0WF0H%2FqLccyiasv377LEu%2BG03yEQkHv%2FxN40IhXKz0eHX629DWyxy57zWvsawjCRmMVW3ahe6m35JkfWfTw9z517UorbxcyMIelt2RH7JUJ6i2FuC90BgPUMI2jyRrott0aB%2BPA0Ia7Gj0Cq8QnY41Tm55IRxn5yk8XEhHoIEDpZie92wEGUE0GnOvGHgciAbXTjRuB1N9YERwyExf7hAQ4dur32mZxgLdiLG9gg
2024-11-29,郑思维说国家队的恩情永远放在心里,11.4万,https://tophub.today/l?e=e2b8Fl4TZN875h2R4ihKwTjkMXINphS1D9KGRYLZo6pDv5tKWLqMrt4W9PyDBbAzA6Gt5uDKjNNRveqz%2FIlF9BEJDyk32ofT6j45SJmd9N5hMzbDtSLpQPR7GYm2E8%2FaZJYKD8ccMhUNGmQH4NZQp8oajhn8yIH2hdHiFc47BAX3JzNxR2IaYTX7bA%2F%2BgH0hgud1DiQpy%2BJglC5LCtoeW%2FeHC%2FGwqflDGLZVyqhcjIjbrnficiAPPEjrPv08Orkv9BGGNibjsUMGC8UNQ8G54HmZ3im9YIGC3qZXfJlFWs53FDk66dDVgoezGumT2eSncIvYdZPQgIiqHFVaHZtwVADwk6BYlmZ8NN17L8i2hhhrpmQjpkdUjSo%2Bzd%2FPne88Hy6MztJ2LkqQKjCEq2vq7utFuV%2F6L1e45RMccWGgxHeL6aJQnloBWdJPCHoZ2FEo9avK
2024-11-29,孟子义死脑快捡漏,12.3万,https://tophub.today/l?e=4bf5xnBHAbdEkxBjLL4vimoAqJqRp4uGeGXmykCrqiNitYxYF13K49N1gAb9PVTHCj6J9l%2FEe0j0LfTzV3k3to3aLAxF427%2F9oEmTYYjEs3miYpKBtb%2B2QHNieRXodQdaZj2LbmfCwwLUvOqWTqRaqkTL6fnbt%2FNmsqERIyKLTBPybouedzLMBobf9dQBDSUb9WQD629%2BH1C9XCEiPGSFYrzsc4UTQlndKvFKQjQFaCsiG4NTmw7yrgclr3HCfgYZ1yJor%2BRwlXMkKAzxVm8ptS1e5gm4%2Fr4tIKt
2024-11-29,徐志胜 麦琳同款发箍,11.3万,https://tophub.today/l?e=c9f9l1aOqluRop%2FhUZ6%2BMXd1yq7g%2BnU%2B1omV7RyjIRTqiKKPAml3qqyVRKCdnwrmZPof99UJ1yZwH18YJUKfulbjM9JvKqdVwYhfwUhIedGh%2BBH%2FDkCngmcAy4QdWFHVEiTAZ2jm0uFvr07Bc%2BFPMuuo%2Fy8D50PcmyCkSDIPbF6VbB6tXPZm88n4ox3%2Fi5ptQf0FfQLlmzakUKmEKEDxn51qyUuSdKNUDIGDX%2Ftxc8k7wze0bhcmqzfdhDnRLDbpeDZxoy593Iyl49kxXVsX%2FVPQEox0RE099Gmn2F0gO47sEW%2BaQdF8S2lKb6ME
2024-11-29,影院观影过程中屏摄违法吗,293.6万阅读 | @新京报,https://tophub.today/l?e=ad1czFLccDwyY%2F7uCYL5lSpkU9AvWHrRNggy%2FgtBabIznL5qvH3B17cA00UUeAH0qa9gdpmBJC40lXlMIUawy0svaJO2k1AjT%2BxDeCm6FNYjUGurNjgVipkrQD4KJUQCm%2BnVlmW8FbWam97qQRCkuqiHdmKA4aHEbmduCQxlA3vlngs%2BUIWCecGRc7tU4psOtwsDE0uo15PWvIufw2WWjFvIUVhlkaW3ysEM%2FZqeI2MVw7DUrBPyizZTrdmxo%2BBIHHLnWrYiPbmp8Z6NO7MPqLSt6ru6VozHPXETsjk1RCj76ekTs5Rph1LYuxVD4Oi%2FmFfT4hWH92rzMya8IJZT9osNe9ECldSOMPpAxzrBOrJS6Qr%2FEKgi
2024-11-29,离婚律师每天接触到的都是麦琳李行亮,23.7万,https://tophub.today/l?e=adcbXtYdSHgsMRHOCIO5mABSyfHEeh61citi4r9wgi9UpA4rTrkdEnss09r9G%2B8LuihmtaCytcMlYdZk7CbwljjTOXeWa%2FznkkVJ7nbp3jKZUKN%2BcsZI%2FTmH9N30DwQyZIhm9xCIWVRRedyS3kD%2BBrTllt52WArukM2i6RB3kv66ChN%2FagxjPVvp5vjYbYZet5VpgMv5hNpvIgiDyBXELOzDm6e3Whg0AkglxJI1i%2BYtat0vBzeFfTYZRKQgVLV2FoEcru66AtrzeHTUehBhNZZq67fjUj0diiJO3F3h1rSNBYfTMBNWwUWYo6TmcRcUOIVVi2KBper%2FE402vWngrnDAvAm4bta2RWs1MsitcgeXZQeiBrmyr5wM4pHZO6tPBduf8xTNhlHEi9DHzi%2BKWN3wvxJe0IjzC6D8dHpKjf%2Ft8c1r5TowJZfQPHNi2MdI0FH9KaqdJoUjcVX9rfvxpxzG
2024-11-29,Ador代表希望闵熙珍回归,21.1万,https://tophub.today/l?e=ace9EhgJpZVRwHHMkqwDtakLk%2BB92VPYRR8MkzkfdU9kA6T1ztl8ceZKM6se05J2nmnJPNMriVM0mx2IjLu47iMBmPu56vcDjAPijD3kt6KTv5qd8adjmTF4oEEMFvQWrTy%2BVXeDo2JVWzf5lOFF25aS6yI18tRxgEAQ%2Baj5ipPkoVpg1PKJGKE6%2FlxA%2F6T5SBtcrj909%2FNGhOASxUq6zgk7a3ql1iiJSPorhGHWmSUFPbC3WkpdKEyanhOHSdxJ%2B%2B2Oxg0%2FZU84rQoznidA7JuVuSsaVLM77GWufbTdhzt9rKZOvcUo4MPpJ6OwlQ
2024-11-29,成毅参加尖叫之夜,晚会 172028,https://tophub.today/l?e=e111LJTNGkYOawkcmJJkh7IQeDAWs9wdc%2BHrSOSINet7XjJviGCdjAA3iHOA%2B9wR%2B3zMPtwRc7S1pYzo%2FaVzHZ%2FWGy6zRB4VrjPPcmBRxaPNL7%2F0nT8BEH%2B8fbTPi6Yu5RM2NvGqkYhQgIeJE1w%2FYTJGkRM5Y9YgOSaSBXETBkvAnTSGJBIGVdsp6CcA9GljksebJ5GkW9gShbkfdxnJTRh30NUgjM2etAcCZ%2Fl995XYznq%2FR9DYkFjuVGeGoVb9sFGqy0TFNPFRN4qD5r%2BZDlB1vNHLVKlk5NDz
2024-11-29,李雪琴剧宣有两个男主,综艺 115536,https://tophub.today/l?e=e969Q2F6t6WYMm7GV3rlcsVRY9Y42MZjo%2B4A9KUwQFeyzMB%2BY%2FFxDZHMJ9ocjcMs2oMJrfZe7dsvWXq2AdGodTVC64xTFa6Butc1MQ8EYUagqYXQHSK4H4moiJIzfobvEJ4nd7%2BlDphpOAqYkzjUvhUBiEj4AwcppY1AR7zjRUEATkQHDKzdQUJzrEt%2FHhl7A4u1XaOEGCRi0%2Ba3VSZXSXSNe4FvhOWP7KrMVV349i9Cqzro3ZAaLaX0fOaqTgnv%2Fn6Rkn19M%2BZ7nheKQ5lqNnTA4cqoDNsePMvFqmw8w9YWDE5GmiPmnRrwqq%2B5ai1DF7brGHit2w1L
2024-11-29,17名男女KTV聚众吸毒被一锅端,75.6万,https://tophub.today/l?e=f2f0W35vH1FRMwAbOOurAuDCA8Gx%2BW88G68XgRkRVSEhGlY%2FvAEzzLH3MfKLpBsqNt%2FH%2F8t%2B1aPqL3%2FZvTatHKU6a1%2BCCQ2YLYdYUp3FNxHkNZU55HfUKf94wAj0Z2qxpaW1%2Fw0%2FR%2FmOPbEWLRNvyN9edrBWDnZTQ02zEvBkkYG0174PiB2dMjPot65iHNo%2FarXGmjNgOFyU5UU1adKu99oPbgr%2FJ9Sx6Nz6t6LCBv0%2BfAhNigxb2NtR71bzHYVb31RGUKcn1T%2FchQrzRYi1POyIiWzTidEYwXFxQ04J5I0ygNAiUnzzdj2Cogh2qVV81zTFq8KfGJ3okBbpYokxpTdF3TzcjqVNcwWZLLM
2024-11-29,你家的筷子多久没换了,14.3万,https://tophub.today/l?e=20c0CNWH2HTSjNm2P4rn0qoTzJpon2YxzgfVcnnqChiy5HJOTHz6aUG79XDa9BGepSuYRy97V9KsOt7Lp99OzAhGNV%2BvP%2FPIYsSpVG23XTq9Mwn5LYDnDZvqFNCdicCtpQEVED19Iux70Ts94zHBzzhR%2BR%2FuI79m0naTo73v1E3%2B%2FtmuKONHTaS8HHFJ4I427G7P1bfS1oa1a03NJqETYapZp%2F4nat2isJY8ijnfiNC5ylbc0%2FNqQM0QBAnCwhWUc7V%2FrN78XNgELD8aLArBozXYEY%2BJLtHEmnCDfJ%2BkxYyHSWujrl%2FS9OXTLzavwuWvtuvYVLJj7NrF
2024-11-29,普京称或用榛树导弹打击乌决策中心,273.5万阅读 | @CCTV国际时讯,https://tophub.today/l?e=04c2bG3PJQ74le6iDQdlfr3lC%2BL9U6dlJMlIvi20%2BZgJWf%2B1p9L3QYdYlfFiQAiwkB2ziuwQFPQVa9y5v6HdINYDXvzszgWPj0hHY3JTGqayTvdoXWZpCXjR0Ym1Ue3Goj7wW4Cxeu1vgS%2BaobvgGBDfMQq2U145ijXPEdSYPNtx7axS5SZ%2Fqq0PHpsmYyul0zJ4qPQjWjqaYijfylaw3deJNvnoxTe%2FTkWdrKvZD65vmN0AMdw3YvjVZjiBinePk%2BsbHrA7vI0Kjeq%2BRzaq3H8b%2FCIno3XM327oxO7rDTfBQ3JoVhqExo%2BJ9o6DPZRG%2BIkU4Wvsr1AXk4Pm9czDgJ6amUC%2FPVr8r7Ti8IHB2Amz45W7jfr3YaYOz7GmWKlV9no1Pw57X%2FCMAuZyubsSyiLBT%2FzKyloJFA7OTu5I4QEgmigvRlcFe%2BO87So3hYTbB%2B3t
2024-11-29,专家称野猪已是危害最大的野生动物,337.3万阅读 | @红星新闻,https://tophub.today/l?e=e6398ziYJxOmPZd9oF8%2BeVEaV8q%2FxeQ%2Fus6lbHu7kiWPw%2FIb784R7HxvreBiIzy8vOv8fiKtcCaJrWQhtnc0%2FqDsTwBxg4AoQaaQXYZBEhZhWE71VPHihAgGUOvodha7J3REY8dR%2FEdtGmaKpq2CILN0MpsTFba5zvkjzBDYfpPGAkSYy5lDbzMiR6uALpByGt23CCINYamcKZac%2FCZdgtYe0D98DhFvf4rA%2FfjxlAvozuoilyupb%2B89zlpa3VoFt%2FL3tLpmi0AJLbTekCyiY9UHLics6TFx9ws%2FIsFutXyRTd%2FNPejc3fCKxKYI1VJerSdHY9HUkotH1cFsKFsKxW1lbQ98ahFOlOuEfEvyhsC%2FQu%2BgPzR2ui9AT4NmP7UeJIXZAn19WiXu4tNCOjs0mRgp4oh2kspLqiSNpNBJJq3fw4rEtYwFcCPJDZhjAnkQWIh0
2024-11-29,王海质疑李行亮麦琳争议为剧本,18.1万,https://tophub.today/l?e=28c0cOz6MYnhlKtONsx9ZEBkKZ77JN0mV3XJA%2BhlbclSJt1Aij%2FYXYu1WKI0GyCQK%2Bb7bvxaq7%2B6DJjo40%2Fv5inrB9%2BbWpmgZvDsPqwS7TblQ7J3w9ULL7JpdpasK1Hy8uJOSHE8bbJnm3%2FhHF10%2Bh5STjGqPCgYrxKszDhY28bAIM%2BkUBrYZnYQm8lbXo12m6%2BPSG78ESsRWB%2BHyJ35%2FLduaTxfOctbTqFrFl0amOGeLnIHh5I1xxig5RD13kIqsa06y7ETX6P6V7lMkMe%2BDGysbEAXJRq%2FPFKJhmoSOxrFZuHUWFxLueGqOjSJgtkrp38sbg2ngVZLRtDJ%2BEXBhbamAczF1nWwoMUuiJqjtXhEebijoXjd2WNF2Www%2FZ11Lu7AL3nEwBTccZY5cXe4Spc%2B7DUN
2024-11-29,腾讯黑色沙漠手游停运,13.7万,https://tophub.today/l?e=13e3KmeaFw%2FmQ8rzxMCd468V77WWfK32lGIh9Bxtfp%2BKupngYALcJMVBb2Yqm6HXa0V21AeXbTEhEC2Pjer0IP3DkWNGabcBC3AFl6HIFnOMBx%2B2T3vZHxDx2PcSn%2FisT9HHKh8cMmOdLiBrRa0JAK5tW4bvIQZ1wTCiQqJwxBpU6XTw%2FAReeRuyUN6ZFZJuArL9tJ1wB7rAA38mI655VCT6IfBekZq1w4vZ6LL%2FgpulZLQ5zuSHfnUjtbV2OdUITDXqxQzg60NtNt2uTc%2FQNyiTr5DOQ2aLqA7r%2Bp2u2Z3cSeoz06GgMFH0lrCEcgrRY4%2Bh5SO5B%2Fdp
2024-11-29,老瓦杯海报马龙C位,21.3万,https://tophub.today/l?e=be35XziwILVZF50oJyQFGYFg7RnFs7BEwdNibxAfGxnHxj6UFvWOcCwKgf2yc%2FlunmKprgINUVobdb0CUjvN9wBwfD4VIXx3A6FejFIwslO3%2Bi0d7Tl7Wz01VSWxgNOzJATuYIXugIo4h8WGAnF3q1iwLeUWwTq3rcl9Kx71AAVV3owHI2Jdpe5vmrO%2B0mpdvLYEoH4ISHLVBu2dNl7nuf2Z%2F68fv09wzDFkPi%2BpTT1cIdWvxpRfW1jY76%2FxrvIcEKFers4PMcPxeybdrBVVhzkPOTDpPq0gKGtpsw
2024-11-29,贺峻霖一路繁花录制上班,综艺 114417,https://tophub.today/l?e=e09abejmFqLspaAzIT56MAOn0EEB1kL%2BG7KXPsiGbyYwTtv5yaBAW16XYxM3YKHq39uk%2BGi2ZpVQpdul%2BaAuc0u3NbGK3EhnY%2F6mNL8b5L91tImYYOB3HfiL1OMhQqSENPqfjhAeBMWm1kNZqbkeyxip%2BGbVaoixtsplMpmDsyk%2BKFA2wS6%2FfkRW8VEJXz9dHJ%2Fr%2FarAsEFHdBI%2FA1XU5yUdtmaxTaBnSbK9QkozqzCSmiaZtmygFL5FFjvZSS%2FoLRtzYpJmYgCZyhjCBpWYN8e94q9N%2FprVo0pqisuPWoo%2BbRORA1gwmuRK5ftrueBe2ppGxDSk5tDCI%2BCo95SDLNmA6LDaIkGK
2024-11-29,丁禹兮海岛副本今日上线,剧集 91098,https://tophub.today/l?e=ddd1B5aSlCScTrLvQNILPeUGADxAIwuwvH%2B1U6zcFutUFT40cRbQiCzn%2BRUKI5%2BB0%2Bav5ZbMiOPTp6GSjncavdv1ITu7CZrch4knpvDas13X4XSlqouScCfRPZha%2FhCw9Pj%2BlZ0iWhgEiF60CC4PmBOmyk715ycQl1tjgph%2FpufpSXQpAGy4G5urwnNtI0e1uJoVUR3XJqtNanzJdF6FTR2X78CpmtR0VFs%2Bs%2FZBHT4jeyvxJJ%2BpHOpktN0B2O55m5Askwo%2FRA6oXC5t4Nc6CSK4QV2lMJQMYwL0Q6U4S4G%2ByS59Dhchh2PgcQu9YIHL%2BqAHKJI%2Fbi0NkryrDbA%2FQVZEXjplU1Xk
2024-11-29,张雨霏跳新疆舞表演经典扭脖子动作,8.7万,https://tophub.today/l?e=cf6cYnG7FIMB3vRxKYA0k1B6nokRLe8Vw1yVaSRarnNZfHE26PQcLQd2FPpPIFsDgpNyYQSLW%2Brj8gvctbrpghgoCt8XbqfXvupSelfC5c6GiJBdKf4G4xTVPZhp4mLFCciHxYfutUKzsMHT7YKahoMap0WHq0i7yhn4p8alUBSvY120m0fJSdVJhSVjrqu6%2Fj5X92SnNqMLiKkh%2FAS7RtT4XMM%2Fl3rBEslDAQ25GwPs11pXARO38xyG221CBLOnZWKEUyGFWsWWhHbkUhLBkck574mJNIAGOlNnUxn%2BYIv%2FGLmZnQq8A2yQ%2B2zTn0W5LLhW2Tzb4R0u85xebX%2B8BOYmbO8fR0PiyczOM%2FeiiH5z3ZJxhmtk2yayrRgB4xSTIMIFzVRgxIBmuHhS4DKkrK0UkvO%2BMqBjPQ9wGDR1TGUW58P%2FKHxcqTjVIfWc5ebunjwc
2024-11-29,张杰唐嫣荧幕合作,18.5万,https://tophub.today/l?e=698dzveSzd0%2BvCQhuvmZxZjcD%2BZGX0JQAEJhYPZvSzUAxnPu7hGeQHBaDcBM9ANT70pFswS1L%2FOmD%2BFSay121ipYLVjBnWXVmcPhdvO%2BTxP4sGLst8H5iPXoNs0BrHCmWZE%2Fd70JMEavwShMLrtzPg8PrrfixgZb9mp9RpRoYp1%2FpeqeC4E%2FRn3kmB0WLyVNv2CFBsykfHQldBHRfRjtVynotICLk4eBpSPMQ5s11QrFSc3nvHrydmRvNKQ1S3QGovg30s6DT9lxqq3uFdCbmEIqofNUMTRJfzOJ
2024-11-29,LWX说诺夏太菜了,20.9万,https://tophub.today/l?e=6dd9byKFfJHLkWHFslEYl0zHVCo4fiGE5ZD79DvdhYJU94%2FW3Q32T33m3gVpyAjxRAuVO2MvK1lCzEwJIKWdDXKTroJv7GuZWqOsuTLvpIFQ%2Fd8daF1gk0t0W89yUnapS9kXjRtIC00ww1dITmgGmKQWPADltj1fy05B4V96bGHBEPhdPkdYgezygj8xMTyJ2J6fNV1pIFw7AG1h%2FQY3%2FV0ePYje4BPBari5Ccm67DLDnbu4JtW%2FTPvdR%2F1FAwXv
2024-11-29,这样的新疆棉花我支持,688.9万阅读 | @热度新闻,https://tophub.today/l?e=10b9N8AMApRz5g9tzzwgHU3I3RkjG7iC36cCE3nn0%2FZpU5Pe9y1bgUyCKgSWQtlrM4zjUtcchsFv9NnR0UdgwRbFcWnsYTfGyXsN0qgSo%2FGhAmRh8omIvS70EpI3N2GgdYnE2s%2BQhkZcXiLLqulFBNk%2FJ7Dj8Uy2bGW%2FZOg5NPuHdwaWntdsGqKjJ1UbvK4VK5lUXFVY9QSA1T0yy8zd0raLJ%2F0W9frGDV%2Fxng0VO9q8KOUZit%2FGq7951IRIEiwy9QutLjoltT7Ag3PXVPxxyKh0O5Zb0gM8djP1KICpLuUJOnFZVvttW6ShoIl2bbD%2BZa%2B%2BlpwluyOT
2024-11-29,奔跑吧揭秘穿越千年的东巴纸,剧集 151335,https://tophub.today/l?e=25cf5A2XAoJp1fXhgfjq2Irb9mvs%2BOSjcROglx6Dmcb5IrLEGv9swusBZR8iDptB3SKmO0zuG2xmJ%2BbFOD7ZK5YEyel0aILe5nhy3MG8%2FULrpdjKUkdhHM6sA3vGh0uWrRnD6zS9EAB8W2Uk2g%2FqRG4Ane6FtDH1ETIx869AHlq5BN67f9SoP10mDAevGhozys9ySJpaEd3n1Y8mkbsr6EuPfzmxiRliGLy9EK%2BZTGq%2F9fK4GpG%2BNedreu7B3TrDe3ytZurCyMK96itLnCAMQ%2F7UfNV5RGpHsEnhLI9Za%2B6QHMHkmeQ3Mz2kt6mhBSD7pCy1PuDV2tS%2BslQoSvxVVHmTE50G%2FJ2W7gfC8ioMzZ9pfcbBfWAS1hq8Es985EurN1sf0Qfl
2024-11-29,我们内娱有自己的李准基,综艺 241310,https://tophub.today/l?e=2646hoII1zqj9WV5dZqQ0JOzzrKLwQNW4Ddh%2B%2B5OeH7%2Bow5UA6uRoouAsNHnq6TQ3yKgfKrLQYvM5mMMh1O03IiElquaplkkQhwbc5389b1zFJbP3UJtJ4Nhiy60iVBfiAIp0MkNoG49xWI4WcIRN3XWsll6lVL7GJE%2F9UKL84zMPgmmjytpswru%2FThmGkkq6u%2F8qeTU9eKIgpwAFO40PvEOq5KBDljaSffaBa7qtewkMQhP%2B09QlXeWw7w7MegwsDBGgMKch%2F2xM4F3UncFsbUHc0CYk9ggvjWcT62K9ZE2jPCHQCIsEXEyric5gmiq8tHh%2FKCmQibdgwl2JvZkx1gJ7Up%2F%2B54o
2024-11-29,辅警因为一次好奇9年后救了一条命,42.4万,https://tophub.today/l?e=87dbcWxogzqDEgqj2DwBBKrGxpUM7IJP5Hm%2BoFa4ctpIkjqiMvtWK%2B6YG3SEI9Np1J%2BusT8B9VOWxNphgQ6p0j2umrUqEqVmbg4uxVU4ND5BOnSZkHp2I5%2F0Kp82nZhpVM%2BesGiOpoXMEXlLJLjYNr8hW9UXDr1%2FjzQKXljYwZiNWB7rev3286d%2BJxYCEn2YIn0u%2FNlGKBUcYzgslD24ptlwxceynxYG39rhMtTPRKnI9NrOHRKWACMLSX4apfplXdWCXeci2neBlttP9Xr8ZXsotpzDc3gz1V4bcsi991aTpdAL0YwfaW55utdl4bGSdCDjiM%2FKgGwWxozCxB0AMs4fdTjSnMT%2BLnq7xQu%2BAFRuIlTaVVCOEXqSa%2BNQ%2F5xQw9mRYCDVriGb2iU4pOQyAOnscQokVanAvv997u5XAhMReufC9g
2024-11-29,张小斐佟大为新剧 再见气人,12.6万,https://tophub.today/l?e=a677uKiw9QRjbipeDnxpvFcEDtF5MbVc8xR92cLchuuXzHh6j0onIhxmyecX%2BHI3O5ezo31QR9TmVIVI7MnjUOV1zym81%2F%2FwI9XEb3rLYWny1bfMN0Jj6agZW1psg21DMqoXfDJJVVaWR%2Fgu9YjUFYqI1dLbhjNI4QOxXGPzA%2BHzbbUuepAjjsnVdKhWzc56TISgvSWiq5x7Yenw0qmpXy8en6wm%2BZfuZOswLIgD6yEmrLw%2FlIFrJd5zqZzotPmAgzJblpNhKUjNosQp9Fyhm2MLlpr4jd8zoEfoPz92dDioAwVtRD6fDuo8i6CdWqP%2BJcrSXALcR8FEMMLE%2FfxHLTBbqohZ%2BscsT7ZVLix9gI4jZ8%2BsHB3hHleo
2024-11-29,网易辟谣网传深圳公司全部裁员,286.1万阅读 | @澎湃新闻,https://tophub.today/l?e=b7734%2BwmyuLxh51iIYMDn6cNLYTcdRPpwas%2FhXC9OuO3myG8kxKdqnh6HF8WlqMhlyXz1qJwOfWc6y7NYP5aeIrdbDmC%2FNs5e5CnfjDp%2B54Vpov3ErQgScYQgX1gpZIY4zT7kKWlPlCHdMnETVfflpBilwwgK8BgNMUskNp2%2FrGDWZ3yZkeyZkz1UWTnYCKsdg29W3amhK38%2F79gtqdqkS3mIbh3fQU7%2BPlH46WakExvtCZqarhYd3t4c5ZAIdoHNVyjkjuh7fdE9S%2FXIkyf8tC5vVzHMx4KW6dEjq%2BrmijdqgxXCnqS1u66hecl2YyMrGKe8YH8aqTZj9abxjOkgOMaaCIormW1AT46ngRO25h1MF6wm%2BSEcxwefwse4bUxkKYpCC5SgU5Gf5umgdxTKpJIao%2FR
2024-11-29,南京晚高峰地铁隧道现野猪,383.8万阅读 | @极目新闻,https://tophub.today/l?e=e201CruIlJ3%2BiqofTNXa%2BhX1oIgiUUr45Xp8IbpGgUp9f5RMOYXq9TJJyTLdE30S1fgLQ%2ByvKTTtbX5CRvB45QRQX7TdmgyvhsoD5eURSi0fd042PiCxQxzo4D%2FFsXL9WDOhEIbkpc0gUdB7l8cVqqimat1gRVQusuZTbI078iybm8djmhYUK5zlYo%2BIujJMtRPQ5hcGavIMfGNN1jWCES4h%2BteonY4wI5ezTboeQMErnuQFWhjUX0nQNSkkjpfYel4CC7uNbnlsQVlK%2B4C%2BLE3TyjPHS0MwoFf18Jmr%2FVtopd%2BnH6HyJsEbJkxzf7lQMYsVIw64euQJEzOEIHVhrlin%2FLCPQWUPCvbvetWJdCTK0p%2FBXCWn
2024-11-29,南京地铁回应晚高峰地铁隧道现野猪,423.0万阅读 | @极目新闻,https://tophub.today/l?e=1ad9k4K2zS2Fgsl7v2ydgCGs5X%2FtImpsfKkAj9vYUq3B6mqo9udAhPeOvd6Ou3ZwQeaxiLoOwIMITWXk3l2fLh%2BCUhl7vQuMCCoUEkJnFBnerIdCC7U%2BT6cuwsKnLxewItG01mF2oENcZ1Vuo5gjFS7J2BlO53aUmPh3z2IyzUt6lAWw0aPbuweFr8kmWprePjOY3XPv1LdMtf1fwX3MoBEuI4rQdB1J93lggPE%2F7j0aGMuJs96SBWaf9iJsPGwU8SGGFtRUYSzMBGTv0Tglktt1hVyUeiwZkDiRJ3a%2FZTDoRn2MAO%2Bv4G4woYJxWO%2BXMD80M2PErYt9Llyg%2B%2FN%2BhZQusuJyeFlyvjJ8dNDuY5gqylqeflzVK7ZW3%2B8Wu8LILn44X5jaozVP5o2XtrCuVQs5xtoE7ZYCue3%2BLaeu4DxqJvvljuabXeylLSwqrjaHduNW
2024-11-29,留几手和节目组摄影师吵起来了,综艺 187615,https://tophub.today/l?e=e65fs58SYzUzHkSzLVY4ti2pWlSDogxlTFgAhzltuB8BJu%2B%2FNBfPt8TfuI9KV9dxxJFNcye5tvgHPpNlU0cXMFpkU7XpL9BOa6%2BP0kv99nxb0KGy7Lu4w%2BiAIWlqcZr6Hv%2FPZhnpTkgxAPS4ZKn69RDAdaWuQCe9RngHXtW5yqA1h6beJ94RXiMlob2M9Up1iUEaliZnUs%2FmBCYFYXBOH9MppFMBauXpQlyQjXmxFwrchB4uXSeSDAsk0tf%2BNeu4wUkGggQ6ada8FxRFc8MeuoR6GcpSjrbZzKHzRgt8H9U4RQWEmLoAlUwjc1HQzcPMvRZVIJw2q1Q8ZZtozPNMDDNYfdqYma1QJgm9m5vY3fdsPGh%2BfHCwnuQ1G16LBanX2cA8%2BRB4c3S0DJ1qE%2Bjnk9AvFeBk
2024-11-29,老人吃腌萝卜后中毒整个人紫了,18.9万,https://tophub.today/l?e=d62fowLomvHUMH1qPZKPZo5n4ocxwqqMA9orC43OG8cPVii3MPfldbO0cvTKnx2O5Vt%2Bmwk%2Befb6C2AigGDDZtj48sWfzZc5AwRuXRm1wIszomXAroF%2FN69UFkfOGIss509wZNnCaFzbkg9XfTW7wtuOeWajgAaG1Ed0wwm3L1yrHho6wrK0ic2dLOtJWiJmbI1VL8kQnTZO2TbdqNYVe%2Fij4v9D%2BBwU82Ey%2FwJrRxugDMp80AuDayS%2BSZIVPu2ogCv%2BnaeWEEm1eBDftL63eyJkI2NtV4HVLG9JRdGmyNy6THGYx78bBqsJIEfrN9FCxhQuveZEVZQd%2FdWD3z41XELuCGqsMhWdFKFQBVHj4uhvUsG5lYW5ObkE4prj29BX0KzRFhW%2BPU%2BKMYa%2Fp5zMALkLfi4V
2024-11-29,丁禹兮 我真的没有在晚上背梗,12.2万,https://tophub.today/l?e=3579iKNk8naew4bceh%2FpfEJdIWHzvT2U2LgJWc6i5zttftCLnpq64Lm38AvbM0jNRbkVzrAVgcp%2FfFvULCe444OdOuNMNh%2BCz4M85NwY0jAnpUCcnXNMhJ8h50s44UN0y3CLVzDwD2Uko49ONOYr5%2BB7GLg%2B58izHWmo7Ufx2Ypw4hO%2BsEe%2BciTCGUGwN%2BjjmY4MmKelnUDM%2Fhbzs4Uh1rpHdzVaFrA1JO0Ifa68w3d2eMMNSrqoWFpoJ%2BFo8CWOm1Pgo%2FumT%2B0J6ZXo%2FBhDtHiyLTK%2F%2FKtN4Pzh%2Fb4RzB5ZQXHPYVA5QRfMsA7lfAeayZHbK17T3%2B4YFbUXcVM9dt76qqrS3UIBpAU3H3WxNgiFvZP6aGheOWQq1dptH0h2FtioFfA4rQ38
2024-11-29,破地狱定档,电影 108850,https://tophub.today/l?e=306fVqKnh%2BRdWD92H5IKxaHUuoSHdshxvDl%2BivUQ1uVHVbOMztSIMBCfRowffQ0OeF11iXKe0FIy6s9lMiIB5pyyg3y9cQbNVD2iajGTqWIjIaJdUiEZyWSawSUVmkkzomfNJJnNiRD8OP5nesIALlzjBmwSkk1R8oAjrtYmZlERtLmYI43C7%2FNnCWySQN4ynSNX0ODN2P8ekhZYCYGAX4F%2Bra%2FSpvdrQod7pbWi
2024-11-29,Ning王队战胜Icon队,17.1万,https://tophub.today/l?e=c07dTJk7ZosgUQGJGZMmHLSzcLd0RUO1HEK7ZqNZZulOzDLV4qtucDZVM3u4flyhYwZA9fXHuQS0F%2FWZfYHFa%2FiGK6sl22RSCoHVbViYOiHSgWjW%2FlNtS0hXBk9o4vPKFQbCT7x0v5TdPzROBGx5YsHSij5k%2FJi2chIK%2Fh53Rq3xV0nAhWVati3d8yGI0w0nuV%2F1qZ51FtrT5vooHHTSTqG%2FZFZ%2FE0YqoW7FHdPMY7UwyzE5Uyg
2024-11-29,幻视奥运冠军幼儿园午睡时候,16.6万,https://tophub.today/l?e=90306mb94HeUrEHWq5OK6xewQJR1gI7cjnow74kZDKrerGDQL6KRSltQ7eKqAWMmD3NaGKgU7KVxycKTXZQ0Hw8iZ3Z3oHbAcCFmEQUmYdtj5v4%2BVzuP4V1VrsutoSztsSBluRFq1A0iK6rT7R03kc7yzpton0VOvaKtMFlYfq08lA809XODl2%2FUwg3quvVe8IntQbe3uRwJ07xVsRHRLkTIGD5g5Tf9YPfkOfzS6%2FQS1c8Tmxv1YQwTQ%2BHbGsu0OKqeLlXYzUyoIefzCZXHznbiRKFQ7GuIA53eyt82OrCPTA%2Fx7OPdm%2FoB7nkKOR4ccz3F4ME5zQvETl4nxB7XAs7Xae2uSjdatuHuDohGrh8xY%2FdZ8bRPjwqrQHj87bnU3NMXI4Tc
2024-11-29,声生不息全员合唱好歌献给你,综艺 124385,https://tophub.today/l?e=fb7aD%2FCUd3bS%2Bfi%2BUGO2IP8hx4s0P6P7p%2B7ADeNZ31jcOXi4ui18PF0x1rYC8Ng5%2F2x4KmeHjfgWKKA6aKpDknIroVleq4fHYglkcte%2BM8IzqLUlEWHeIpjtZ99%2BKfhVJC8H%2BYl4C%2Br6tLFfctz7VeJYDmeKs08sqs2h4sMxk1lQ5X20zx74IIPnGCuypdqTTepj65BzNQHcZpszf3hkiCZI4F77IirHgQKW7I9hbZuEJyip4AEAoIMzceWq3glCmmp8CqT8s3RDGMyU%2F%2B%2BId1xjFS1zmTMllE%2Bwn2UbzF3gKVKy%2FvIgquDF0YwO48zuJhXOzH3rPeqac%2FN39LvHSUVjmotDrfZtt1Sw0T7cgy8EXGLf088cGKn%2BSj1T%2FdqqbqmX4T6J
2024-11-29,胖东来调改永辉超市25天改了啥,25.0万,https://tophub.today/l?e=3954Ewvp6DAS1zbYUyomLTS2gM%2Bb6wpNhjvXJh4g7GbXw1RcDvzn%2F7Mx7EDSkKCnktP65D6Gf2RjzvEegcE1BYmCh1HP1Dhqu%2FbGpeDWPNoUITrW0tyD4ImF35U0MsEaIlv0Vb%2BXq5OJQx6uxt8bb%2Fo8cMU%2BEwP%2Bbo3YAsOD2xl%2FMHz%2FfBoF3MbB%2BhRb6Sw6iP4X1JZrWjx0EpqfAqpcGC6u8Mf%2FlrAGRtpCJmZ5YQki20Wft7ptxP8pNDgQWpbNRumMnjb1ttGzt1wsFBHH800gpXZo%2FAaC%2Bj2GdjGsZtjH2%2BJoiUD5nqFjsanDCeDpCuckhGZBHcNqaI0Kr6gVoKYVZhVNXSdWCZHL0C4KcUGBumTaAaRfCID6jSiot3Kw2C5r6J%2FU884
